,Rank,Name,Image,Updated Date,Tier,Overall_Rank,Latest_Tier
0,1,Raymond,https://www.animalcrossingportal.com/images/villagers/icons/raymond.png,1/5/2020,Tier 1,1,Tier 1
1,2,Judy,https://www.animalcrossingportal.com/images/villagers/icons/judy.png,1/5/2020,Tier 1,2,Tier 1
2,3,Audie,https://www.animalcrossingportal.com/images/villagers/icons/audie.png,1/5/2020,Tier 1,3,Tier 1
3,4,Marshal,https://www.animalcrossingportal.com/images/villagers/icons/marshal.png,1/5/2020,Tier 1,4,Tier 1
4,5,Ankha,https://www.animalcrossingportal.com/images/villagers/icons/ankha.png,1/5/2020,Tier 1,5,Tier 2
5,6,Coco,https://www.animalcrossingportal.com/images/villagers/icons/coco.png,1/5/2020,Tier 1,6,Tier 1
6,7,Diana,https://www.animalcrossingportal.com/images/villagers/icons/diana.png,1/5/2020,Tier 1,7,Tier 2
7,8,Merengue,https://www.animalcrossingportal.com/images/villagers/icons/merengue.png,1/5/2020,Tier 1,8,Tier 1
8,9,Fauna,https://www.animalcrossingportal.com/images/villagers/icons/fauna.png,1/5/2020,Tier 1,9,Tier 1
9,10,Stitches,https://www.animalcrossingportal.com/images/villagers/icons/stitches.png,1/5/2020,Tier 1,10,Tier 1
10,11,Julian,https://www.animalcrossingportal.com/images/villagers/icons/julian.png,1/5/2020,Tier 1,11,Tier 2
11,12,Marina,https://www.animalcrossingportal.com/images/villagers/icons/marina.png,1/5/2020,Tier 1,12,Tier 1
12,13,Beau,https://www.animalcrossingportal.com/images/villagers/icons/beau.png,1/5/2020,Tier 1,13,Tier 1
13,14,Bob,https://www.animalcrossingportal.com/images/villagers/icons/bob.png,1/5/2020,Tier 1,14,Tier 1
14,15,Whitney,https://www.animalcrossingportal.com/images/villagers/icons/whitney.png,1/5/2020,Tier 1,15,Tier 2
15,1,Sherb,https://www.animalcrossingportal.com/images/villagers/icons/sherb.png,1/5/2020,Tier 2,16,Tier 1
16,2,Lolly,https://www.animalcrossingportal.com/images/villagers/icons/lolly.png,1/5/2020,Tier 2,17,Tier 2
17,3,Molly,https://www.animalcrossingportal.com/images/villagers/icons/molly.png,1/5/2020,Tier 2,18,Tier 2
18,4,Felicity,https://www.animalcrossingportal.com/images/villagers/icons/felicity.png,1/5/2020,Tier 2,19,Tier 5
19,5,Kabuki,https://www.animalcrossingportal.com/images/villagers/icons/kabuki.png,1/5/2020,Tier 2,20,Tier 2
20,6,Chief,https://www.animalcrossingportal.com/images/villagers/icons/chief.png,1/5/2020,Tier 2,21,Tier 4
21,7,Punchy,https://www.animalcrossingportal.com/images/villagers/icons/punchy.png,1/5/2020,Tier 2,22,Tier 2
22,8,Fang,https://www.animalcrossingportal.com/images/villagers/icons/fang.png,1/5/2020,Tier 2,23,Tier 2
23,9,Freya,https://www.animalcrossingportal.com/images/villagers/icons/freya.png,1/5/2020,Tier 2,24,Tier 4
24,10,Chrissy,https://www.animalcrossingportal.com/images/villagers/icons/chrissy.png,1/5/2020,Tier 2,25,Tier 5
25,11,Muffy,https://www.animalcrossingportal.com/images/villagers/icons/muffy.png,1/5/2020,Tier 2,26,Tier 3
26,12,Maple,https://www.animalcrossingportal.com/images/villagers/icons/maple.png,1/5/2020,Tier 2,27,Tier 2
27,13,Octavian,https://www.animalcrossingportal.com/images/villagers/icons/octavian.png,1/5/2020,Tier 2,28,Tier 3
28,14,Bam,https://www.animalcrossingportal.com/images/villagers/icons/bam.png,1/5/2020,Tier 2,29,Tier 3
29,15,Francine,https://www.animalcrossingportal.com/images/villagers/icons/francine.png,1/5/2020,Tier 2,30,Tier 4
30,16,Zucker,https://www.animalcrossingportal.com/images/villagers/icons/zucker.png,1/5/2020,Tier 2,31,Tier 1
31,17,Tangy,https://www.animalcrossingportal.com/images/villagers/icons/tangy.png,1/5/2020,Tier 2,32,Tier 2
32,18,Kiki,https://www.animalcrossingportal.com/images/villagers/icons/kiki.png,1/5/2020,Tier 2,33,Tier 3
33,19,Tia,https://www.animalcrossingportal.com/images/villagers/icons/tia.png,1/5/2020,Tier 2,34,Tier 3
34,20,Skye,https://www.animalcrossingportal.com/images/villagers/icons/skye.png,1/5/2020,Tier 2,35,Tier 2
35,21,Kid Cat,https://www.animalcrossingportal.com/images/villagers/icons/kid-cat.png,1/5/2020,Tier 2,36,Tier 3
36,22,Dom,https://www.animalcrossingportal.com/images/villagers/icons/dom.png,1/5/2020,Tier 2,37,Tier 2
37,23,Erik,https://www.animalcrossingportal.com/images/villagers/icons/erik.png,1/5/2020,Tier 2,38,Tier 2
38,24,Flurry,https://www.animalcrossingportal.com/images/villagers/icons/flurry.png,1/5/2020,Tier 2,39,Tier 3
39,25,Genji,https://www.animalcrossingportal.com/images/villagers/icons/genji.png,1/5/2020,Tier 2,40,Tier 3
40,1,Ruby,https://www.animalcrossingportal.com/images/villagers/icons/ruby.png,1/5/2020,Tier 3,41,Tier 3
41,2,Megan,https://www.animalcrossingportal.com/images/villagers/icons/megan.png,1/5/2020,Tier 3,42,Tier 6
42,3,Mira,https://www.animalcrossingportal.com/images/villagers/icons/mira.png,1/5/2020,Tier 3,43,Tier 4
43,4,Apple,https://www.animalcrossingportal.com/images/villagers/icons/apple.png,1/5/2020,Tier 3,44,Tier 2
44,5,Zell,https://www.animalcrossingportal.com/images/villagers/icons/zell.png,1/5/2020,Tier 3,45,Tier 3
45,6,Cyd,https://www.animalcrossingportal.com/images/villagers/icons/cyd.png,1/5/2020,Tier 3,46,Tier 5
46,7,Apollo,https://www.animalcrossingportal.com/images/villagers/icons/apollo.png,1/5/2020,Tier 3,47,Tier 2
47,8,Cookie,https://www.animalcrossingportal.com/images/villagers/icons/cookie.png,1/5/2020,Tier 3,48,Tier 3
48,9,Bluebear,https://www.animalcrossingportal.com/images/villagers/icons/bluebear.png,1/5/2020,Tier 3,49,Tier 3
49,10,Lily,https://www.animalcrossingportal.com/images/villagers/icons/lily.png,1/5/2020,Tier 3,50,Tier 3
50,11,Deirdre,https://www.animalcrossingportal.com/images/villagers/icons/deirdre.png,1/5/2020,Tier 3,51,Tier 5
51,12,Goldie,https://www.animalcrossingportal.com/images/villagers/icons/goldie.png,1/5/2020,Tier 3,52,Tier 2
52,13,Roald,https://www.animalcrossingportal.com/images/villagers/icons/roald.png,1/5/2020,Tier 3,53,Tier 1
53,14,Poppy,https://www.animalcrossingportal.com/images/villagers/icons/poppy.png,1/5/2020,Tier 3,54,Tier 3
54,15,Bunnie,https://www.animalcrossingportal.com/images/villagers/icons/bunnie.png,1/5/2020,Tier 3,55,Tier 3
55,16,Ketchup,https://www.animalcrossingportal.com/images/villagers/icons/ketchup.png,1/5/2020,Tier 3,56,Tier 2
56,17,Pietro,https://www.animalcrossingportal.com/images/villagers/icons/pietro.png,1/5/2020,Tier 3,57,Tier 2
57,18,Fuchsia,https://www.animalcrossingportal.com/images/villagers/icons/fuchsia.png,1/5/2020,Tier 3,58,Tier 4
58,19,Cheri,https://www.animalcrossingportal.com/images/villagers/icons/cheri.png,1/5/2020,Tier 3,59,Tier 5
59,20,Cherry,https://www.animalcrossingportal.com/images/villagers/icons/cherry.png,1/5/2020,Tier 3,60,Tier 2
60,21,June,https://www.animalcrossingportal.com/images/villagers/icons/june.png,1/5/2020,Tier 3,61,Tier 5
61,22,Bill,https://www.animalcrossingportal.com/images/villagers/icons/bill.png,1/5/2020,Tier 3,62,Tier 3
62,23,Snake,https://www.animalcrossingportal.com/images/villagers/icons/snake.png,1/5/2020,Tier 3,63,Tier 4
63,24,Pashmina,https://www.animalcrossingportal.com/images/villagers/icons/pashmina.png,1/5/2020,Tier 3,64,Tier 3
64,25,Olivia,https://www.animalcrossingportal.com/images/villagers/icons/olivia.png,1/5/2020,Tier 3,65,Tier 4
65,26,Rosie,https://www.animalcrossingportal.com/images/villagers/icons/rosie.png,1/5/2020,Tier 3,66,Tier 2
66,27,Wolfgang,https://www.animalcrossingportal.com/images/villagers/icons/wolfgang.png,1/5/2020,Tier 3,67,Tier 3
67,28,Kyle,https://www.animalcrossingportal.com/images/villagers/icons/kyle.png,1/5/2020,Tier 3,68,Tier 2
68,29,Carmen,https://www.animalcrossingportal.com/images/villagers/icons/carmen.png,1/5/2020,Tier 3,69,Tier 5
69,30,Bea,https://www.animalcrossingportal.com/images/villagers/icons/bea.png,1/5/2020,Tier 3,70,Tier 5
70,1,Dobie,https://www.animalcrossingportal.com/images/villagers/icons/dobie.png,1/5/2020,Tier 4,71,Tier 4
71,2,Bangle,https://www.animalcrossingportal.com/images/villagers/icons/bangle.png,1/5/2020,Tier 4,72,Tier 5
72,3,Reneigh,https://www.animalcrossingportal.com/images/villagers/icons/reneigh.png,1/5/2020,Tier 4,73,Tier 4
73,4,Mitzi,https://www.animalcrossingportal.com/images/villagers/icons/mitzi.png,1/5/2020,Tier 4,74,Tier 3
74,5,Jacques,https://www.animalcrossingportal.com/images/villagers/icons/jacques.png,1/5/2020,Tier 4,75,Tier 5
75,6,Sprinkle,https://www.animalcrossingportal.com/images/villagers/icons/sprinkle.png,1/5/2020,Tier 4,76,Tier 3
76,7,Bianca,https://www.animalcrossingportal.com/images/villagers/icons/bianca.png,1/5/2020,Tier 4,77,Tier 4
77,8,Flora,https://www.animalcrossingportal.com/images/villagers/icons/flora.png,1/5/2020,Tier 4,78,Tier 2
78,9,Static,https://www.animalcrossingportal.com/images/villagers/icons/static.png,1/5/2020,Tier 4,79,Tier 4
79,10,Moe,https://www.animalcrossingportal.com/images/villagers/icons/moe.png,1/5/2020,Tier 4,80,Tier 6
80,11,Ribbot,https://www.animalcrossingportal.com/images/villagers/icons/ribbot.png,1/5/2020,Tier 4,81,Tier 6
81,12,Colton,https://www.animalcrossingportal.com/images/villagers/icons/colton.png,1/5/2020,Tier 4,82,Tier 5
82,13,Lobo,https://www.animalcrossingportal.com/images/villagers/icons/lobo.png,1/5/2020,Tier 4,83,Tier 4
83,14,Billy,https://www.animalcrossingportal.com/images/villagers/icons/billy.png,1/5/2020,Tier 4,84,Tier 5
84,15,Chevre,https://www.animalcrossingportal.com/images/villagers/icons/chevre.png,1/5/2020,Tier 4,85,Tier 3
85,16,Tammy,https://www.animalcrossingportal.com/images/villagers/icons/tammy.png,1/5/2020,Tier 4,86,Tier 6
86,17,Peanut,https://www.animalcrossingportal.com/images/villagers/icons/peanut.png,1/5/2020,Tier 4,87,Tier 3
87,18,Hamlet,https://www.animalcrossingportal.com/images/villagers/icons/hamlet.png,1/5/2020,Tier 4,88,Tier 4
88,19,Purrl,https://www.animalcrossingportal.com/images/villagers/icons/purrl.png,1/5/2020,Tier 4,89,Tier 6
89,20,Blanche,https://www.animalcrossingportal.com/images/villagers/icons/blanche.png,1/5/2020,Tier 4,90,Tier 5
90,21,Nan,https://www.animalcrossingportal.com/images/villagers/icons/nan.png,1/5/2020,Tier 4,91,Tier 4
91,22,Tom,https://www.animalcrossingportal.com/images/villagers/icons/tom.png,1/5/2020,Tier 4,92,Tier 6
92,23,Hazel,https://www.animalcrossingportal.com/images/villagers/icons/hazel.png,1/5/2020,Tier 4,93,Tier 4
93,24,Lucky,https://www.animalcrossingportal.com/images/villagers/icons/lucky.png,1/5/2020,Tier 4,94,Tier 1
94,25,Pekoe,https://www.animalcrossingportal.com/images/villagers/icons/pekoe.png,1/5/2020,Tier 4,95,Tier 3
95,26,Vesta,https://www.animalcrossingportal.com/images/villagers/icons/vesta.png,1/5/2020,Tier 4,96,Tier 4
96,27,Lopez,https://www.animalcrossingportal.com/images/villagers/icons/lopez.png,1/5/2020,Tier 4,97,Tier 5
97,28,Rudy,https://www.animalcrossingportal.com/images/villagers/icons/rudy.png,1/5/2020,Tier 4,98,Tier 4
98,29,Agent S,https://www.animalcrossingportal.com/images/villagers/icons/agent-s.png,1/5/2020,Tier 4,99,Tier 5
99,30,Willow,https://www.animalcrossingportal.com/images/villagers/icons/willow.png,1/5/2020,Tier 4,100,Tier 6
100,31,Shep,https://www.animalcrossingportal.com/images/villagers/icons/shep.png,1/5/2020,Tier 4,101,Tier 5
101,32,Roscoe,https://www.animalcrossingportal.com/images/villagers/icons/roscoe.png,1/5/2020,Tier 4,102,Tier 3
102,33,Celia,https://www.animalcrossingportal.com/images/villagers/icons/celia.png,1/5/2020,Tier 4,103,Tier 5
103,34,Pecan,https://www.animalcrossingportal.com/images/villagers/icons/pecan.png,1/5/2020,Tier 4,104,Tier 6
104,35,Hornsby,https://www.animalcrossingportal.com/images/villagers/icons/hornsby.png,1/5/2020,Tier 4,105,Tier 3
105,36,Ellie,https://www.animalcrossingportal.com/images/villagers/icons/ellie.png,1/5/2020,Tier 4,106,Tier 4
106,37,Kidd,https://www.animalcrossingportal.com/images/villagers/icons/kidd.png,1/5/2020,Tier 4,107,Tier 5
107,38,Papi,https://www.animalcrossingportal.com/images/villagers/icons/papi.png,1/5/2020,Tier 4,108,Tier 4
108,39,Frita,https://www.animalcrossingportal.com/images/villagers/icons/frita.png,1/5/2020,Tier 4,109,Tier 5
109,40,Bruce,https://www.animalcrossingportal.com/images/villagers/icons/bruce.png,1/5/2020,Tier 4,110,Tier 4
110,1,Alfonso,https://www.animalcrossingportal.com/images/villagers/icons/alfonso.png,1/5/2020,Tier 5,111,Tier 5
111,2,Ava,https://www.animalcrossingportal.com/images/villagers/icons/ava.png,1/5/2020,Tier 5,112,Tier 5
112,3,Alice,https://www.animalcrossingportal.com/images/villagers/icons/alice.png,1/5/2020,Tier 5,113,Tier 5
113,4,Agnes,https://www.animalcrossingportal.com/images/villagers/icons/agnes.png,1/5/2020,Tier 5,114,Tier 4
114,5,Amelia,https://www.animalcrossingportal.com/images/villagers/icons/amelia.png,1/5/2020,Tier 5,115,Tier 5
115,6,Antonio,https://www.animalcrossingportal.com/images/villagers/icons/antonio.png,1/5/2020,Tier 5,116,Tier 4
116,6,Anabelle,https://www.animalcrossingportal.com/images/villagers/icons/anabelle.png,1/5/2020,Tier 5,117,#N/A
117,7,Angus,https://www.animalcrossingportal.com/images/villagers/icons/angus.png,1/5/2020,Tier 5,118,Tier 5
118,8,Annalisa,https://www.animalcrossingportal.com/images/villagers/icons/annalisa.png,1/5/2020,Tier 5,119,Tier 5
119,9,Annalise,https://www.animalcrossingportal.com/images/villagers/icons/annalise.png,1/5/2020,Tier 5,120,Tier 5
120,10,Aurora,https://www.animalcrossingportal.com/images/villagers/icons/aurora.png,1/5/2020,Tier 5,121,Tier 3
121,11,Avery,https://www.animalcrossingportal.com/images/villagers/icons/avery.png,1/5/2020,Tier 5,122,Tier 5
122,12,Axel,https://www.animalcrossingportal.com/images/villagers/icons/axel.png,1/5/2020,Tier 5,123,Tier 5
123,13,Baabara,https://www.animalcrossingportal.com/images/villagers/icons/baabara.png,1/5/2020,Tier 5,124,Tier 5
124,14,Beardo,https://www.animalcrossingportal.com/images/villagers/icons/beardo.png,1/5/2020,Tier 5,125,Tier 5
125,15,Bella,https://www.animalcrossingportal.com/images/villagers/icons/bella.png,1/5/2020,Tier 5,126,Tier 5
126,16,Benjamin,https://www.animalcrossingportal.com/images/villagers/icons/benjamin.png,1/5/2020,Tier 5,127,Tier 5
127,17,Biskit,https://www.animalcrossingportal.com/images/villagers/icons/biskit.png,1/5/2020,Tier 5,128,Tier 5
128,18,Blaire,https://www.animalcrossingportal.com/images/villagers/icons/blaire.png,1/5/2020,Tier 5,129,Tier 5
129,19,Bonbon,https://www.animalcrossingportal.com/images/villagers/icons/bonbon.png,1/5/2020,Tier 5,130,Tier 5
130,20,Bones,https://www.animalcrossingportal.com/images/villagers/icons/bones.png,1/5/2020,Tier 5,131,Tier 4
131,21,Boomer,https://www.animalcrossingportal.com/images/villagers/icons/boomer.png,1/5/2020,Tier 5,132,Tier 5
132,22,Boots,https://www.animalcrossingportal.com/images/villagers/icons/boots.png,1/5/2020,Tier 5,133,Tier 5
133,23,Bree,https://www.animalcrossingportal.com/images/villagers/icons/bree.png,1/5/2020,Tier 5,134,Tier 5
134,24,Butch,https://www.animalcrossingportal.com/images/villagers/icons/butch.png,1/5/2020,Tier 5,135,Tier 5
135,25,Bud,https://www.animalcrossingportal.com/images/villagers/icons/bud.png,1/5/2020,Tier 5,136,Tier 5
136,26,Cally,https://www.animalcrossingportal.com/images/villagers/icons/cally.png,1/5/2020,Tier 5,137,Tier 5
137,27,Camofrog,https://www.animalcrossingportal.com/images/villagers/icons/camofrog.png,1/5/2020,Tier 5,138,Tier 5
138,28,Canberra,https://www.animalcrossingportal.com/images/villagers/icons/canberra.png,1/5/2020,Tier 5,139,Tier 5
139,29,Caroline,https://www.animalcrossingportal.com/images/villagers/icons/caroline.png,1/5/2020,Tier 5,140,Tier 5
140,30,Charlise,https://www.animalcrossingportal.com/images/villagers/icons/charlise.png,1/5/2020,Tier 5,141,Tier 5
141,31,Chester,https://www.animalcrossingportal.com/images/villagers/icons/chester.png,1/5/2020,Tier 5,142,Tier 5
142,32,Clay,https://www.animalcrossingportal.com/images/villagers/icons/clay.png,1/5/2020,Tier 5,143,Tier 4
143,33,Cole,https://www.animalcrossingportal.com/images/villagers/icons/cole.png,1/5/2020,Tier 5,144,Tier 5
144,34,Cousteau,https://www.animalcrossingportal.com/images/villagers/icons/cousteau.png,1/5/2020,Tier 5,145,Tier 5
145,35,Cranston,https://www.animalcrossingportal.com/images/villagers/icons/cranston.png,1/5/2020,Tier 5,146,Tier 5
146,36,Cube,https://www.animalcrossingportal.com/images/villagers/icons/cube.png,1/5/2020,Tier 5,147,Tier 4
147,37,Curlos,https://www.animalcrossingportal.com/images/villagers/icons/curlos.png,1/5/2020,Tier 5,148,Tier 5
148,38,Daisy,https://www.animalcrossingportal.com/images/villagers/icons/daisy.png,1/5/2020,Tier 5,149,Tier 4
149,39,Del,https://www.animalcrossingportal.com/images/villagers/icons/del.png,1/5/2020,Tier 5,150,Tier 5
150,40,Deli,https://www.animalcrossingportal.com/images/villagers/icons/deli.png,1/5/2020,Tier 5,151,Tier 5
151,41,Diva,https://www.animalcrossingportal.com/images/villagers/icons/diva.png,1/5/2020,Tier 5,152,Tier 5
152,42,Dizzy,https://www.animalcrossingportal.com/images/villagers/icons/dizzy.png,1/5/2020,Tier 5,153,Tier 5
153,43,Doc,https://www.animalcrossingportal.com/images/villagers/icons/doc.png,1/5/2020,Tier 5,154,Tier 5
154,44,Dora,https://www.animalcrossingportal.com/images/villagers/icons/dora.png,1/5/2020,Tier 5,155,Tier 5
155,45,Dotty,https://www.animalcrossingportal.com/images/villagers/icons/dotty.png,1/5/2020,Tier 5,156,Tier 5
156,46,Drift,https://www.animalcrossingportal.com/images/villagers/icons/drift.png,1/5/2020,Tier 5,157,Tier 5
157,47,Elmer,https://www.animalcrossingportal.com/images/villagers/icons/elmer.png,1/5/2020,Tier 5,158,Tier 5
158,48,Elvis,https://www.animalcrossingportal.com/images/villagers/icons/elvis.png,1/5/2020,Tier 5,159,Tier 5
159,49,Eugene,https://www.animalcrossingportal.com/images/villagers/icons/eugene.png,1/5/2020,Tier 5,160,Tier 4
160,50,Eunice,https://www.animalcrossingportal.com/images/villagers/icons/eunice.png,1/5/2020,Tier 5,161,Tier 5
161,51,Filbert,https://www.animalcrossingportal.com/images/villagers/icons/filbert.png,1/5/2020,Tier 5,162,Tier 2
162,52,Frank,https://www.animalcrossingportal.com/images/villagers/icons/frank.png,1/5/2020,Tier 5,163,Tier 5
163,53,Friga,https://www.animalcrossingportal.com/images/villagers/icons/friga.png,1/5/2020,Tier 5,164,Tier 5
164,54,Gabi,https://www.animalcrossingportal.com/images/villagers/icons/gabi.png,1/5/2020,Tier 5,165,Tier 5
165,55,Gala,https://www.animalcrossingportal.com/images/villagers/icons/gala.png,1/5/2020,Tier 5,166,Tier 5
166,56,Gaston,https://www.animalcrossingportal.com/images/villagers/icons/gaston.png,1/5/2020,Tier 5,167,Tier 5
167,57,Gayle,https://www.animalcrossingportal.com/images/villagers/icons/gayle.png,1/5/2020,Tier 5,168,Tier 4
168,58,Gladys,https://www.animalcrossingportal.com/images/villagers/icons/gladys.png,1/5/2020,Tier 5,169,Tier 5
169,59,Graham,https://www.animalcrossingportal.com/images/villagers/icons/graham.png,1/5/2020,Tier 5,170,Tier 5
170,60,Groucho,https://www.animalcrossingportal.com/images/villagers/icons/groucho.png,1/5/2020,Tier 5,171,Tier 5
171,61,Gwen,https://www.animalcrossingportal.com/images/villagers/icons/gwen.png,1/5/2020,Tier 5,172,Tier 5
172,62,Hamphrey,https://www.animalcrossingportal.com/images/villagers/icons/hamphrey.png,1/5/2020,Tier 5,173,Tier 5
173,63,Hans,https://www.animalcrossingportal.com/images/villagers/icons/hans.png,1/5/2020,Tier 5,174,Tier 5
174,64,Henry,https://www.animalcrossingportal.com/images/villagers/icons/henry.png,1/5/2020,Tier 5,175,Tier 5
175,65,Hopkins,https://www.animalcrossingportal.com/images/villagers/icons/hopkins.png,1/5/2020,Tier 5,176,Tier 5
176,66,Hopper,https://www.animalcrossingportal.com/images/villagers/icons/hopper.png,1/5/2020,Tier 5,177,Tier 5
177,67,Jay,https://www.animalcrossingportal.com/images/villagers/icons/jay.png,1/5/2020,Tier 5,178,Tier 5
178,68,Jeremiah,https://www.animalcrossingportal.com/images/villagers/icons/jeremiah.png,1/5/2020,Tier 5,179,Tier 4
179,69,Julia,https://www.animalcrossingportal.com/images/villagers/icons/julia.png,1/5/2020,Tier 5,180,Tier 4
180,70,Katt,https://www.animalcrossingportal.com/images/villagers/icons/katt.png,1/5/2020,Tier 5,181,Tier 3
181,71,Kitty,https://www.animalcrossingportal.com/images/villagers/icons/kitty.png,1/5/2020,Tier 5,182,Tier 5
182,72,Keaton,https://www.animalcrossingportal.com/images/villagers/icons/keaton.png,1/5/2020,Tier 5,183,Tier 5
183,73,Leonardo,https://www.animalcrossingportal.com/images/villagers/icons/leonardo.png,1/5/2020,Tier 5,184,Tier 6
184,73,Merry,https://www.animalcrossingportal.com/images/villagers/icons/merry.png,1/5/2020,Tier 5,185,Tier 4
185,74,Ken,https://www.animalcrossingportal.com/images/villagers/icons/ken.png,1/5/2020,Tier 5,186,Tier 5
186,75,Drago,https://www.animalcrossingportal.com/images/villagers/icons/drago.png,1/5/2020,Tier 5,187,Tier 3
187,76,Kody,https://www.animalcrossingportal.com/images/villagers/icons/kody.png,1/5/2020,Tier 5,188,Tier 5
188,77,Leopold,https://www.animalcrossingportal.com/images/villagers/icons/leopold.png,1/5/2020,Tier 5,189,Tier 5
189,78,Lionel,https://www.animalcrossingportal.com/images/villagers/icons/lionel.png,1/5/2020,Tier 5,190,Tier 5
190,79,Lucy,https://www.animalcrossingportal.com/images/villagers/icons/lucy.png,1/5/2020,Tier 5,191,Tier 5
191,80,Lyman,https://www.animalcrossingportal.com/images/villagers/icons/lyman.png,1/5/2020,Tier 5,192,Tier 5
192,81,Maddie,https://www.animalcrossingportal.com/images/villagers/icons/maddie.png,1/5/2020,Tier 5,193,Tier 5
193,82,Margie,https://www.animalcrossingportal.com/images/villagers/icons/margie.png,1/5/2020,Tier 5,194,Tier 6
194,83,Melba,https://www.animalcrossingportal.com/images/villagers/icons/melba.png,1/5/2020,Tier 5,195,Tier 2
195,84,Midge,https://www.animalcrossingportal.com/images/villagers/icons/midge.png,1/5/2020,Tier 5,196,Tier 6
196,85,Mint,https://www.animalcrossingportal.com/images/villagers/icons/mint.png,1/5/2020,Tier 5,197,Tier 6
197,86,Monique,https://www.animalcrossingportal.com/images/villagers/icons/monique.png,1/5/2020,Tier 5,198,Tier 6
198,87,Mott,https://www.animalcrossingportal.com/images/villagers/icons/mott.png,1/5/2020,Tier 5,199,Tier 6
199,88,Murphy,https://www.animalcrossingportal.com/images/villagers/icons/murphy.png,1/5/2020,Tier 5,200,Tier 6
200,89,Nana,https://www.animalcrossingportal.com/images/villagers/icons/nana.png,1/5/2020,Tier 5,201,Tier 6
201,90,Naomi,https://www.animalcrossingportal.com/images/villagers/icons/naomi.png,1/5/2020,Tier 5,202,Tier 6
202,91,Nate,https://www.animalcrossingportal.com/images/villagers/icons/nate.png,1/5/2020,Tier 5,203,Tier 6
203,92,Nibbles,https://www.animalcrossingportal.com/images/villagers/icons/nibbles.png,1/5/2020,Tier 5,204,Tier 6
204,93,OHare,https://www.animalcrossingportal.com/images/villagers/icons/ohare.png,1/5/2020,Tier 5,205,Tier 5
205,94,Olaf,https://www.animalcrossingportal.com/images/villagers/icons/olaf.png,1/5/2020,Tier 5,206,Tier 5
206,95,Olive,https://www.animalcrossingportal.com/images/villagers/icons/olive.png,1/5/2020,Tier 5,207,Tier 6
207,96,Ozzie,https://www.animalcrossingportal.com/images/villagers/icons/ozzie.png,1/5/2020,Tier 5,208,Tier 3
208,97,Patty,https://www.animalcrossingportal.com/images/villagers/icons/patty.png,1/5/2020,Tier 5,209,Tier 6
209,98,Peck,https://www.animalcrossingportal.com/images/villagers/icons/peck.png,1/5/2020,Tier 5,210,Tier 6
210,99,Phil,https://www.animalcrossingportal.com/images/villagers/icons/phil.png,1/5/2020,Tier 5,211,Tier 6
211,100,Pierce,https://www.animalcrossingportal.com/images/villagers/icons/pierce.png,1/5/2020,Tier 5,212,Tier 6
212,101,Piper,https://www.animalcrossingportal.com/images/villagers/icons/piper.png,1/5/2020,Tier 5,213,Tier 6
213,102,Pinky,https://www.animalcrossingportal.com/images/villagers/icons/pinky.png,1/5/2020,Tier 5,214,Tier 6
214,103,Poncho,https://www.animalcrossingportal.com/images/villagers/icons/poncho.png,1/5/2020,Tier 5,215,Tier 6
215,104,Portia,https://www.animalcrossingportal.com/images/villagers/icons/portia.png,1/5/2020,Tier 5,216,Tier 6
216,105,Puddles,https://www.animalcrossingportal.com/images/villagers/icons/puddles.png,1/5/2020,Tier 5,217,Tier 6
217,106,Pudge,https://www.animalcrossingportal.com/images/villagers/icons/pudge.png,1/5/2020,Tier 5,218,Tier 6
218,107,Raddle,https://www.animalcrossingportal.com/images/villagers/icons/raddle.png,1/5/2020,Tier 5,219,Tier 4
219,108,Renee,https://www.animalcrossingportal.com/images/villagers/icons/renee.png,1/5/2020,Tier 5,220,Tier 6
220,109,Rocket,https://www.animalcrossingportal.com/images/villagers/icons/rocket.png,1/5/2020,Tier 5,221,Tier 6
221,110,Rod,https://www.animalcrossingportal.com/images/villagers/icons/rod.png,1/5/2020,Tier 5,222,Tier 6
222,111,Rolf,https://www.animalcrossingportal.com/images/villagers/icons/rolf.png,1/5/2020,Tier 5,223,Tier 4
223,112,Rooney,https://www.animalcrossingportal.com/images/villagers/icons/rooney.png,1/5/2020,Tier 5,224,Tier 6
224,113,Rowan,https://www.animalcrossingportal.com/images/villagers/icons/rowan.png,1/5/2020,Tier 5,225,Tier 6
225,114,Sally,https://www.animalcrossingportal.com/images/villagers/icons/sally.png,1/5/2020,Tier 5,226,Tier 6
226,115,Savannah,https://www.animalcrossingportal.com/images/villagers/icons/savannah.png,1/5/2020,Tier 5,227,Tier 4
227,116,Scoot,https://www.animalcrossingportal.com/images/villagers/icons/scoot.png,1/5/2020,Tier 5,228,Tier 3
228,117,Shari,https://www.animalcrossingportal.com/images/villagers/icons/shari.png,1/5/2020,Tier 5,229,Tier 4
229,118,Sheldon,https://www.animalcrossingportal.com/images/villagers/icons/sheldon.png,1/5/2020,Tier 5,230,Tier 5
230,119,Simon,https://www.animalcrossingportal.com/images/villagers/icons/simon.png,1/5/2020,Tier 5,231,Tier 6
231,120,Sly,https://www.animalcrossingportal.com/images/villagers/icons/sly.png,1/5/2020,Tier 5,232,Tier 6
232,121,Soleil,https://www.animalcrossingportal.com/images/villagers/icons/soleil.png,1/5/2020,Tier 5,233,Tier 6
233,122,Sparro,https://www.animalcrossingportal.com/images/villagers/icons/sparro.png,1/5/2020,Tier 5,234,Tier 6
234,123,Stella,https://www.animalcrossingportal.com/images/villagers/icons/stella.png,1/5/2020,Tier 5,235,Tier 6
235,124,Sterling,https://www.animalcrossingportal.com/images/villagers/icons/sterling.png,1/5/2020,Tier 5,236,Tier 4
236,125,Stinky,https://www.animalcrossingportal.com/images/villagers/icons/stinky.png,1/5/2020,Tier 5,237,Tier 6
237,126,Stu,https://www.animalcrossingportal.com/images/villagers/icons/stu.png,1/5/2020,Tier 5,238,Tier 6
238,127,Sydney,https://www.animalcrossingportal.com/images/villagers/icons/sydney.png,1/5/2020,Tier 5,239,Tier 6
239,128,Sylvana,https://www.animalcrossingportal.com/images/villagers/icons/sylvana.png,1/5/2020,Tier 5,240,Tier 6
240,129,Tabby,https://www.animalcrossingportal.com/images/villagers/icons/tabby.png,1/5/2020,Tier 5,241,Tier 6
241,130,Tank,https://www.animalcrossingportal.com/images/villagers/icons/tank.png,1/5/2020,Tier 5,242,Tier 6
242,131,Teddy,https://www.animalcrossingportal.com/images/villagers/icons/teddy.png,1/5/2020,Tier 5,243,Tier 6
243,132,Tiffany,https://www.animalcrossingportal.com/images/villagers/icons/tiffany.png,1/5/2020,Tier 5,244,Tier 6
244,133,Timbra,https://www.animalcrossingportal.com/images/villagers/icons/timbra.png,1/5/2020,Tier 5,245,Tier 6
245,134,Tipper,https://www.animalcrossingportal.com/images/villagers/icons/tipper.png,1/5/2020,Tier 5,246,Tier 6
246,135,Tucker,https://www.animalcrossingportal.com/images/villagers/icons/tucker.png,1/5/2020,Tier 5,247,Tier 6
247,136,Tutu,https://www.animalcrossingportal.com/images/villagers/icons/tutu.png,1/5/2020,Tier 5,248,Tier 6
248,137,Twiggy,https://www.animalcrossingportal.com/images/villagers/icons/twiggy.png,1/5/2020,Tier 5,249,Tier 6
249,138,Vivian,https://www.animalcrossingportal.com/images/villagers/icons/vivian.png,1/5/2020,Tier 5,250,Tier 5
250,1,Admiral,https://www.animalcrossingportal.com/images/villagers/icons/admiral.png,1/5/2020,Tier 6,251,Tier 5
251,2,Al,https://www.animalcrossingportal.com/images/villagers/icons/al.png,1/5/2020,Tier 6,252,Tier 5
252,3,Alli,https://www.animalcrossingportal.com/images/villagers/icons/alli.png,1/5/2020,Tier 6,253,Tier 6
253,4,Anchovy,https://www.animalcrossingportal.com/images/villagers/icons/anchovy.png,1/5/2020,Tier 6,254,Tier 5
254,5,Anicotti,https://www.animalcrossingportal.com/images/villagers/icons/anicotti.png,1/5/2020,Tier 6,255,Tier 6
255,7,Astrid,https://www.animalcrossingportal.com/images/villagers/icons/astrid.png,1/5/2020,Tier 6,256,Tier 5
256,8,Barold,https://www.animalcrossingportal.com/images/villagers/icons/barold.png,1/5/2020,Tier 6,257,Tier 5
257,9,Becky,https://www.animalcrossingportal.com/images/villagers/icons/becky.png,1/5/2020,Tier 6,258,Tier 6
258,10,Benedict,https://www.animalcrossingportal.com/images/villagers/icons/benedict.png,1/5/2020,Tier 6,259,Tier 5
259,11,Bertha,https://www.animalcrossingportal.com/images/villagers/icons/bertha.png,1/5/2020,Tier 6,260,Tier 5
260,12,Bettina,https://www.animalcrossingportal.com/images/villagers/icons/bettina.png,1/5/2020,Tier 6,261,Tier 6
261,13,Big Top,https://www.animalcrossingportal.com/images/villagers/icons/big-top.png,1/5/2020,Tier 6,262,Tier 6
262,14,Biff,https://www.animalcrossingportal.com/images/villagers/icons/biff.png,1/5/2020,Tier 6,263,Tier 4
263,15,Bitty,https://www.animalcrossingportal.com/images/villagers/icons/bitty.png,1/5/2020,Tier 6,264,Tier 6
264,16,Boone,https://www.animalcrossingportal.com/images/villagers/icons/boone.png,1/5/2020,Tier 6,265,Tier 5
265,17,Boris,https://www.animalcrossingportal.com/images/villagers/icons/boris.png,1/5/2020,Tier 6,266,Tier 6
266,18,Boyd,https://www.animalcrossingportal.com/images/villagers/icons/boyd.png,1/5/2020,Tier 6,267,Tier 6
267,19,Broccolo,https://www.animalcrossingportal.com/images/villagers/icons/broccolo.png,1/5/2020,Tier 6,268,Tier 5
268,20,Broffina,https://www.animalcrossingportal.com/images/villagers/icons/broffina.png,1/5/2020,Tier 6,269,Tier 6
269,21,Buck,https://www.animalcrossingportal.com/images/villagers/icons/buck.png,1/5/2020,Tier 6,270,Tier 5
270,22,Bubbles,https://www.animalcrossingportal.com/images/villagers/icons/bubbles.png,1/5/2020,Tier 6,271,Tier 5
271,23,Buzz,https://www.animalcrossingportal.com/images/villagers/icons/buzz.png,1/5/2020,Tier 6,272,Tier 5
272,24,Candi,https://www.animalcrossingportal.com/images/villagers/icons/candi.png,1/5/2020,Tier 6,273,Tier 5
273,25,Carrie,https://www.animalcrossingportal.com/images/villagers/icons/carrie.png,1/5/2020,Tier 6,274,Tier 6
274,26,Cashmere,https://www.animalcrossingportal.com/images/villagers/icons/cashmere.png,1/5/2020,Tier 6,275,Tier 6
275,27,Cesar,https://www.animalcrossingportal.com/images/villagers/icons/cesar.png,1/5/2020,Tier 6,276,Tier 6
276,28,Chadder,https://www.animalcrossingportal.com/images/villagers/icons/chadder.png,1/5/2020,Tier 6,277,Tier 5
277,29,Chops,https://www.animalcrossingportal.com/images/villagers/icons/chops.png,1/5/2020,Tier 6,278,Tier 5
278,30,Chow,https://www.animalcrossingportal.com/images/villagers/icons/chow.png,1/5/2020,Tier 6,279,Tier 5
279,31,Claude,https://www.animalcrossingportal.com/images/villagers/icons/claude.png,1/5/2020,Tier 6,280,Tier 5
280,32,Claudia,https://www.animalcrossingportal.com/images/villagers/icons/claudia.png,1/5/2020,Tier 6,281,Tier 6
281,33,Cleo,https://www.animalcrossingportal.com/images/villagers/icons/cleo.png,1/5/2020,Tier 6,282,Tier 6
282,34,Clyde,https://www.animalcrossingportal.com/images/villagers/icons/clyde.png,1/5/2020,Tier 6,283,Tier 5
283,35,Coach,https://www.animalcrossingportal.com/images/villagers/icons/coach.png,1/5/2020,Tier 6,284,Tier 5
284,36,Cobb,https://www.animalcrossingportal.com/images/villagers/icons/cobb.png,1/5/2020,Tier 6,285,Tier 5
285,37,Croque,https://www.animalcrossingportal.com/images/villagers/icons/croque.png,1/5/2020,Tier 6,286,Tier 6
286,38,Curly,https://www.animalcrossingportal.com/images/villagers/icons/curly.png,1/5/2020,Tier 6,287,Tier 6
287,39,Curt,https://www.animalcrossingportal.com/images/villagers/icons/curt.png,1/5/2020,Tier 6,288,Tier 5
288,40,Cyrano,https://www.animalcrossingportal.com/images/villagers/icons/cyrano.png,1/5/2020,Tier 6,289,Tier 6
289,41,Deena,https://www.animalcrossingportal.com/images/villagers/icons/deena.png,1/5/2020,Tier 6,290,Tier 5
290,42,Derwin,https://www.animalcrossingportal.com/images/villagers/icons/derwin.png,1/5/2020,Tier 6,291,Tier 5
291,43,Drake,https://www.animalcrossingportal.com/images/villagers/icons/drake.png,1/5/2020,Tier 6,292,Tier 5
292,44,Ed,https://www.animalcrossingportal.com/images/villagers/icons/ed.png,1/5/2020,Tier 6,293,Tier 5
293,45,Egbert,https://www.animalcrossingportal.com/images/villagers/icons/egbert.png,1/5/2020,Tier 6,294,Tier 5
294,46,Elise,https://www.animalcrossingportal.com/images/villagers/icons/elise.png,1/5/2020,Tier 6,295,Tier 6
295,47,Eloise,https://www.animalcrossingportal.com/images/villagers/icons/eloise.png,1/5/2020,Tier 6,296,Tier 5
296,48,Flip,https://www.animalcrossingportal.com/images/villagers/icons/flip.png,1/5/2020,Tier 6,297,Tier 5
297,49,Flo,https://www.animalcrossingportal.com/images/villagers/icons/flo.png,1/5/2020,Tier 6,298,Tier 5
298,50,Freckles,https://www.animalcrossingportal.com/images/villagers/icons/freckles.png,1/5/2020,Tier 6,299,Tier 6
299,51,Frobert,https://www.animalcrossingportal.com/images/villagers/icons/frobert.png,1/5/2020,Tier 6,300,Tier 6
300,52,Gigi,https://www.animalcrossingportal.com/images/villagers/icons/gigi.png,1/5/2020,Tier 6,301,Tier 6
301,53,Gloria,https://www.animalcrossingportal.com/images/villagers/icons/gloria.png,1/5/2020,Tier 6,302,Tier 5
302,54,Gonzo,https://www.animalcrossingportal.com/images/villagers/icons/gonzo.png,1/5/2020,Tier 6,303,Tier 5
303,55,Goose,https://www.animalcrossingportal.com/images/villagers/icons/goose.png,1/5/2020,Tier 6,304,Tier 5
304,56,Greta,https://www.animalcrossingportal.com/images/villagers/icons/greta.png,1/5/2020,Tier 6,305,Tier 6
305,57,Grizzly,https://www.animalcrossingportal.com/images/villagers/icons/grizzly.png,1/5/2020,Tier 6,306,Tier 5
306,58,Gruff,https://www.animalcrossingportal.com/images/villagers/icons/gruff.png,1/5/2020,Tier 6,307,Tier 6
307,59,Harry,https://www.animalcrossingportal.com/images/villagers/icons/harry.png,1/5/2020,Tier 6,308,Tier 6
308,60,Hippeux,https://www.animalcrossingportal.com/images/villagers/icons/hippeux.png,1/5/2020,Tier 6,309,Tier 5
309,61,Huck,https://www.animalcrossingportal.com/images/villagers/icons/huck.png,1/5/2020,Tier 6,310,Tier 6
310,62,Hugh,https://www.animalcrossingportal.com/images/villagers/icons/hugh.png,1/5/2020,Tier 6,311,Tier 5
311,63,Iggly,https://www.animalcrossingportal.com/images/villagers/icons/iggly.png,1/5/2020,Tier 6,312,Tier 5
312,64,Ike,https://www.animalcrossingportal.com/images/villagers/icons/ike.png,1/5/2020,Tier 6,313,Tier 6
313,65,Jacob,https://www.animalcrossingportal.com/images/villagers/icons/jacob.png,1/5/2020,Tier 6,314,Tier 5
314,66,Jambette,https://www.animalcrossingportal.com/images/villagers/icons/jambette.png,1/5/2020,Tier 6,315,Tier 6
315,67,Jitters,https://www.animalcrossingportal.com/images/villagers/icons/jitters.png,1/5/2020,Tier 6,316,Tier 5
316,68,Joey,https://www.animalcrossingportal.com/images/villagers/icons/joey.png,1/5/2020,Tier 6,317,Tier 5
317,69,Kevin,https://www.animalcrossingportal.com/images/villagers/icons/kevin.png,1/5/2020,Tier 6,318,Tier 5
318,70,Kitt,https://www.animalcrossingportal.com/images/villagers/icons/kitt.png,1/5/2020,Tier 6,319,Tier 5
319,71,Klaus,https://www.animalcrossingportal.com/images/villagers/icons/klaus.png,1/5/2020,Tier 6,320,Tier 5
320,72,Knox,https://www.animalcrossingportal.com/images/villagers/icons/knox.png,1/5/2020,Tier 6,321,Tier 5
321,74,Limberg,https://www.animalcrossingportal.com/images/villagers/icons/limberg.png,1/5/2020,Tier 6,322,Tier 6
322,75,Louie,https://www.animalcrossingportal.com/images/villagers/icons/louie.png,1/5/2020,Tier 6,323,Tier 6
323,76,Lucha,https://www.animalcrossingportal.com/images/villagers/icons/lucha.png,1/5/2020,Tier 6,324,Tier 5
324,77,Mac,https://www.animalcrossingportal.com/images/villagers/icons/mac.png,1/5/2020,Tier 6,325,Tier 5
325,78,Maelle,https://www.animalcrossingportal.com/images/villagers/icons/maelle.png,1/5/2020,Tier 6,326,Tier 6
326,79,Maggie,https://www.animalcrossingportal.com/images/villagers/icons/maggie.png,1/5/2020,Tier 6,327,Tier 6
327,80,Mallary,https://www.animalcrossingportal.com/images/villagers/icons/mallary.png,1/5/2020,Tier 6,328,Tier 6
328,81,Marcel,https://www.animalcrossingportal.com/images/villagers/icons/marcel.png,1/5/2020,Tier 6,329,Tier 5
329,82,Marcie,https://www.animalcrossingportal.com/images/villagers/icons/marcie.png,1/5/2020,Tier 6,330,Tier 6
330,83,Mathilda,https://www.animalcrossingportal.com/images/villagers/icons/mathilda.png,1/5/2020,Tier 6,331,Tier 6
331,84,Miranda,https://www.animalcrossingportal.com/images/villagers/icons/miranda.png,1/5/2020,Tier 6,332,Tier 6
332,85,Monty,https://www.animalcrossingportal.com/images/villagers/icons/monty.png,1/5/2020,Tier 6,333,Tier 6
333,86,Moose,https://www.animalcrossingportal.com/images/villagers/icons/moose.png,1/5/2020,Tier 6,334,Tier 6
334,87,Norma,https://www.animalcrossingportal.com/images/villagers/icons/norma.png,1/5/2020,Tier 6,335,Tier 6
335,88,Opal,https://www.animalcrossingportal.com/images/villagers/icons/opal.png,1/5/2020,Tier 6,336,Tier 6
336,89,Pancetti,https://www.animalcrossingportal.com/images/villagers/icons/pancetti.png,1/5/2020,Tier 6,337,Tier 6
337,90,Pango,https://www.animalcrossingportal.com/images/villagers/icons/pango.png,1/5/2020,Tier 6,338,Tier 6
338,91,Paolo,https://www.animalcrossingportal.com/images/villagers/icons/paolo.png,1/5/2020,Tier 6,339,Tier 6
339,92,Pate,https://www.animalcrossingportal.com/images/villagers/icons/pate.png,1/5/2020,Tier 6,340,Tier 6
340,93,Paula,https://www.animalcrossingportal.com/images/villagers/icons/paula.png,1/5/2020,Tier 6,341,Tier 6
341,94,Peaches,https://www.animalcrossingportal.com/images/villagers/icons/peaches.png,1/5/2020,Tier 6,342,Tier 6
342,95,Peewee,https://www.animalcrossingportal.com/images/villagers/icons/peewee.png,1/5/2020,Tier 6,343,Tier 6
343,96,Peggy,https://www.animalcrossingportal.com/images/villagers/icons/peggy.png,1/5/2020,Tier 6,344,Tier 6
344,97,Penelope,https://www.animalcrossingportal.com/images/villagers/icons/penelope.png,1/5/2020,Tier 6,345,Tier 6
345,98,Phoebe,https://www.animalcrossingportal.com/images/villagers/icons/phoebe.png,1/5/2020,Tier 6,346,Tier 4
346,99,Pippy,https://www.animalcrossingportal.com/images/villagers/icons/pippy.png,1/5/2020,Tier 6,347,Tier 6
347,100,Plucky,https://www.animalcrossingportal.com/images/villagers/icons/plucky.png,1/5/2020,Tier 6,348,Tier 6
348,101,Pompom,https://www.animalcrossingportal.com/images/villagers/icons/pompom.png,1/5/2020,Tier 6,349,Tier 6
349,102,Prince,https://www.animalcrossingportal.com/images/villagers/icons/prince.png,1/5/2020,Tier 6,350,Tier 6
350,103,Puck,https://www.animalcrossingportal.com/images/villagers/icons/puck.png,1/5/2020,Tier 6,351,Tier 6
351,104,Queenie,https://www.animalcrossingportal.com/images/villagers/icons/queenie.png,1/5/2020,Tier 6,352,Tier 6
352,105,Quillson,https://www.animalcrossingportal.com/images/villagers/icons/quillson.png,1/5/2020,Tier 6,353,Tier 6
353,106,Rasher,https://www.animalcrossingportal.com/images/villagers/icons/rasher.png,1/5/2020,Tier 6,354,Tier 6
354,107,Rhonda,https://www.animalcrossingportal.com/images/villagers/icons/rhonda.png,1/5/2020,Tier 6,355,Tier 6
355,108,Rex,https://www.animalcrossingportal.com/images/villagers/icons/rex.png,1/5/2020,Tier 6,356,Tier 6
356,109,Ricky,https://www.animalcrossingportal.com/images/villagers/icons/ricky.png,1/5/2020,Tier 6,357,Tier 6
357,110,Rizzo,https://www.animalcrossingportal.com/images/villagers/icons/rizzo.png,1/5/2020,Tier 6,358,Tier 6
358,111,Robin,https://www.animalcrossingportal.com/images/villagers/icons/robin.png,1/5/2020,Tier 6,359,Tier 6
359,112,Rocco,https://www.animalcrossingportal.com/images/villagers/icons/rocco.png,1/5/2020,Tier 6,360,Tier 6
360,113,Rodeo,https://www.animalcrossingportal.com/images/villagers/icons/rodeo.png,1/5/2020,Tier 6,361,Tier 6
361,114,Rodney,https://www.animalcrossingportal.com/images/villagers/icons/rodney.png,1/5/2020,Tier 6,362,Tier 6
362,115,Rory,https://www.animalcrossingportal.com/images/villagers/icons/rory.png,1/5/2020,Tier 6,363,Tier 6
363,116,Sandy,https://www.animalcrossingportal.com/images/villagers/icons/sandy.png,1/5/2020,Tier 6,364,Tier 6
364,117,Samson,https://www.animalcrossingportal.com/images/villagers/icons/samson.png,1/5/2020,Tier 6,365,Tier 6
365,118,Snooty,https://www.animalcrossingportal.com/images/villagers/icons/snooty.png,1/5/2020,Tier 6,366,Tier 6
366,119,Spike,https://www.animalcrossingportal.com/images/villagers/icons/spike.png,1/5/2020,Tier 6,367,Tier 6
367,120,Crackle(Spork),https://www.animalcrossingportal.com/images/villagers/icons/crackle.png,1/5/2020,Tier 6,368,Tier 5
368,121,Sprocket,https://www.animalcrossingportal.com/images/villagers/icons/sprocket.png,1/5/2020,Tier 6,369,Tier 4
369,122,Sylvia,https://www.animalcrossingportal.com/images/villagers/icons/sylvia.png,1/5/2020,Tier 6,370,Tier 6
370,123,Tad,https://www.animalcrossingportal.com/images/villagers/icons/tad.png,1/5/2020,Tier 6,371,Tier 6
371,124,Tammi,https://www.animalcrossingportal.com/images/villagers/icons/tammi.png,1/5/2020,Tier 6,372,Tier 6
372,125,Tasha,https://www.animalcrossingportal.com/images/villagers/icons/tasha.png,1/5/2020,Tier 6,373,Tier 6
373,126,T-Bone,https://www.animalcrossingportal.com/images/villagers/icons/t-bone.png,1/5/2020,Tier 6,374,Tier 6
374,127,Tex,https://www.animalcrossingportal.com/images/villagers/icons/tex.png,1/5/2020,Tier 6,375,Tier 6
375,128,Truffles,https://www.animalcrossingportal.com/images/villagers/icons/truffles.png,1/5/2020,Tier 6,376,Tier 6
376,129,Tybalt,https://www.animalcrossingportal.com/images/villagers/icons/tybalt.png,1/5/2020,Tier 6,377,Tier 5
377,130,Ursula,https://www.animalcrossingportal.com/images/villagers/icons/ursula.png,1/5/2020,Tier 6,378,Tier 6
378,131,Velma,https://www.animalcrossingportal.com/images/villagers/icons/velma.png,1/5/2020,Tier 6,379,Tier 5
379,132,Vic,https://www.animalcrossingportal.com/images/villagers/icons/vic.png,1/5/2020,Tier 6,380,Tier 6
380,133,Victoria,https://www.animalcrossingportal.com/images/villagers/icons/victoria.png,1/5/2020,Tier 6,381,Tier 5
381,134,Violet,https://www.animalcrossingportal.com/images/villagers/icons/violet.png,1/5/2020,Tier 6,382,Tier 6
382,135,Vladimir,https://www.animalcrossingportal.com/images/villagers/icons/vladimir.png,1/5/2020,Tier 6,383,Tier 6
383,136,Wade,https://www.animalcrossingportal.com/images/villagers/icons/wade.png,1/5/2020,Tier 6,384,Tier 4
384,137,Walker,https://www.animalcrossingportal.com/images/villagers/icons/walker.png,1/5/2020,Tier 6,385,Tier 4
385,138,Walt,https://www.animalcrossingportal.com/images/villagers/icons/walt.png,1/5/2020,Tier 6,386,Tier 6
386,139,WartJr,https://www.animalcrossingportal.com/images/villagers/icons/wartjr.png,1/5/2020,Tier 6,387,Tier 6
387,140,Weber,https://www.animalcrossingportal.com/images/villagers/icons/weber.png,1/5/2020,Tier 6,388,Tier 6
388,141,Wendy,https://www.animalcrossingportal.com/images/villagers/icons/wendy.png,1/5/2020,Tier 6,389,Tier 6
389,142,Winnie,https://www.animalcrossingportal.com/images/villagers/icons/winnie.png,1/5/2020,Tier 6,390,Tier 6
390,143,Yuka,https://www.animalcrossingportal.com/images/villagers/icons/yuka.png,1/5/2020,Tier 6,391,Tier 6
391,1,Marshal,https://www.animalcrossingportal.com/images/villagers/icons/marshal.png,15/5/2020,Tier 1,1,Tier 1
392,2,Raymond,https://www.animalcrossingportal.com/images/villagers/icons/raymond.png,15/5/2020,Tier 1,2,Tier 1
393,3,Sherb,https://www.animalcrossingportal.com/images/villagers/icons/sherb.png,15/5/2020,Tier 1,3,Tier 1
394,4,Zucker,https://www.animalcrossingportal.com/images/villagers/icons/zucker.png,15/5/2020,Tier 1,4,Tier 1
395,5,Beau,https://www.animalcrossingportal.com/images/villagers/icons/beau.png,15/5/2020,Tier 1,5,Tier 1
396,6,Marina,https://www.animalcrossingportal.com/images/villagers/icons/marina.png,15/5/2020,Tier 1,6,Tier 1
397,7,Judy,https://www.animalcrossingportal.com/images/villagers/icons/judy.png,15/5/2020,Tier 1,7,Tier 1
398,8,Audie,https://www.animalcrossingportal.com/images/villagers/icons/audie.png,15/5/2020,Tier 1,8,Tier 1
399,9,Fauna,https://www.animalcrossingportal.com/images/villagers/icons/fauna.png,15/5/2020,Tier 1,9,Tier 1
400,10,Coco,https://www.animalcrossingportal.com/images/villagers/icons/coco.png,15/5/2020,Tier 1,10,Tier 1
401,11,Stitches,https://www.animalcrossingportal.com/images/villagers/icons/stitches.png,15/5/2020,Tier 1,11,Tier 1
402,12,Bob,https://www.animalcrossingportal.com/images/villagers/icons/bob.png,15/5/2020,Tier 1,12,Tier 1
403,13,Merengue,https://www.animalcrossingportal.com/images/villagers/icons/merengue.png,15/5/2020,Tier 1,13,Tier 1
404,14,Lucky,https://www.animalcrossingportal.com/images/villagers/icons/lucky.png,15/5/2020,Tier 1,14,Tier 1
405,15,Roald,https://www.animalcrossingportal.com/images/villagers/icons/roald.png,15/5/2020,Tier 1,15,Tier 1
406,1,Ankha,https://www.animalcrossingportal.com/images/villagers/icons/ankha.png,15/5/2020,Tier 2,16,Tier 2
407,2,Molly,https://www.animalcrossingportal.com/images/villagers/icons/molly.png,15/5/2020,Tier 2,17,Tier 2
408,3,Lolly,https://www.animalcrossingportal.com/images/villagers/icons/lolly.png,15/5/2020,Tier 2,18,Tier 2
409,4,Julian,https://www.animalcrossingportal.com/images/villagers/icons/julian.png,15/5/2020,Tier 2,19,Tier 2
410,5,Pietro,https://www.animalcrossingportal.com/images/villagers/icons/pietro.png,15/5/2020,Tier 2,20,Tier 2
411,6,Punchy,https://www.animalcrossingportal.com/images/villagers/icons/punchy.png,15/5/2020,Tier 2,21,Tier 2
412,7,Tangy,https://www.animalcrossingportal.com/images/villagers/icons/tangy.png,15/5/2020,Tier 2,22,Tier 2
413,8,Dom,https://www.animalcrossingportal.com/images/villagers/icons/dom.png,15/5/2020,Tier 2,23,Tier 2
414,9,Cherry,https://www.animalcrossingportal.com/images/villagers/icons/cherry.png,15/5/2020,Tier 2,24,Tier 2
415,10,Diana,https://www.animalcrossingportal.com/images/villagers/icons/diana.png,15/5/2020,Tier 2,25,Tier 2
416,11,Erik,https://www.animalcrossingportal.com/images/villagers/icons/erik.png,15/5/2020,Tier 2,26,Tier 2
417,12,Ketchup,https://www.animalcrossingportal.com/images/villagers/icons/ketchup.png,15/5/2020,Tier 2,27,Tier 2
418,13,Apollo,https://www.animalcrossingportal.com/images/villagers/icons/apollo.png,15/5/2020,Tier 2,28,Tier 2
419,14,Goldie,https://www.animalcrossingportal.com/images/villagers/icons/goldie.png,15/5/2020,Tier 2,29,Tier 2
420,15,Rosie,https://www.animalcrossingportal.com/images/villagers/icons/rosie.png,15/5/2020,Tier 2,30,Tier 2
421,16,Maple,https://www.animalcrossingportal.com/images/villagers/icons/maple.png,15/5/2020,Tier 2,31,Tier 2
422,17,Skye,https://www.animalcrossingportal.com/images/villagers/icons/skye.png,15/5/2020,Tier 2,32,Tier 2
423,18,Kyle,https://www.animalcrossingportal.com/images/villagers/icons/kyle.png,15/5/2020,Tier 2,33,Tier 2
424,19,Melba,https://www.animalcrossingportal.com/images/villagers/icons/melba.png,15/5/2020,Tier 2,34,Tier 2
425,20,Fang,https://www.animalcrossingportal.com/images/villagers/icons/fang.png,15/5/2020,Tier 2,35,Tier 2
426,21,Apple,https://www.animalcrossingportal.com/images/villagers/icons/apple.png,15/5/2020,Tier 2,36,Tier 2
427,22,Filbert,https://www.animalcrossingportal.com/images/villagers/icons/filbert.png,15/5/2020,Tier 2,37,Tier 2
428,23,Flora,https://www.animalcrossingportal.com/images/villagers/icons/flora.png,15/5/2020,Tier 2,38,Tier 2
429,24,Whitney,https://www.animalcrossingportal.com/images/villagers/icons/whitney.png,15/5/2020,Tier 2,39,Tier 2
430,25,Kabuki,https://www.animalcrossingportal.com/images/villagers/icons/kabuki.png,15/5/2020,Tier 2,40,Tier 2
431,1,Tia,https://www.animalcrossingportal.com/images/villagers/icons/tia.png,15/5/2020,Tier 3,41,Tier 3
432,2,Flurry,https://www.animalcrossingportal.com/images/villagers/icons/flurry.png,15/5/2020,Tier 3,42,Tier 3
433,3,Poppy,https://www.animalcrossingportal.com/images/villagers/icons/poppy.png,15/5/2020,Tier 3,43,Tier 3
434,4,Genji,https://www.animalcrossingportal.com/images/villagers/icons/genji.png,15/5/2020,Tier 3,44,Tier 3
435,5,Kiki,https://www.animalcrossingportal.com/images/villagers/icons/kiki.png,15/5/2020,Tier 3,45,Tier 3
436,6,Wolfgang,https://www.animalcrossingportal.com/images/villagers/icons/wolfgang.png,15/5/2020,Tier 3,46,Tier 3
437,7,Cookie,https://www.animalcrossingportal.com/images/villagers/icons/cookie.png,15/5/2020,Tier 3,47,Tier 3
438,8,Katt,https://www.animalcrossingportal.com/images/villagers/icons/katt.png,15/5/2020,Tier 3,48,Tier 3
439,9,Bam,https://www.animalcrossingportal.com/images/villagers/icons/bam.png,15/5/2020,Tier 3,49,Tier 3
440,10,Sprinkle,https://www.animalcrossingportal.com/images/villagers/icons/sprinkle.png,15/5/2020,Tier 3,50,Tier 3
441,11,Chevre,https://www.animalcrossingportal.com/images/villagers/icons/chevre.png,15/5/2020,Tier 3,51,Tier 3
442,12,Octavian,https://www.animalcrossingportal.com/images/villagers/icons/octavian.png,15/5/2020,Tier 3,52,Tier 3
443,13,Kid Cat,https://www.animalcrossingportal.com/images/villagers/icons/kid-cat.png,15/5/2020,Tier 3,53,Tier 3
444,14,Lily,https://www.animalcrossingportal.com/images/villagers/icons/lily.png,15/5/2020,Tier 3,54,Tier 3
445,15,Bluebear,https://www.animalcrossingportal.com/images/villagers/icons/bluebear.png,15/5/2020,Tier 3,55,Tier 3
446,16,Aurora,https://www.animalcrossingportal.com/images/villagers/icons/aurora.png,15/5/2020,Tier 3,56,Tier 3
447,17,Mitzi,https://www.animalcrossingportal.com/images/villagers/icons/mitzi.png,15/5/2020,Tier 3,57,Tier 3
448,18,Hornsby,https://www.animalcrossingportal.com/images/villagers/icons/hornsby.png,15/5/2020,Tier 3,58,Tier 3
449,19,Muffy,https://www.animalcrossingportal.com/images/villagers/icons/muffy.png,15/5/2020,Tier 3,59,Tier 3
450,20,Ruby,https://www.animalcrossingportal.com/images/villagers/icons/ruby.png,15/5/2020,Tier 3,60,Tier 3
451,21,Bunnie,https://www.animalcrossingportal.com/images/villagers/icons/bunnie.png,15/5/2020,Tier 3,61,Tier 3
452,22,Pekoe,https://www.animalcrossingportal.com/images/villagers/icons/pekoe.png,15/5/2020,Tier 3,62,Tier 3
453,23,Scoot,https://www.animalcrossingportal.com/images/villagers/icons/scoot.png,15/5/2020,Tier 3,63,Tier 3
454,24,Zell,https://www.animalcrossingportal.com/images/villagers/icons/zell.png,15/5/2020,Tier 3,64,Tier 3
455,25,Bill,https://www.animalcrossingportal.com/images/villagers/icons/bill.png,15/5/2020,Tier 3,65,Tier 3
456,26,Ozzie,https://www.animalcrossingportal.com/images/villagers/icons/ozzie.png,15/5/2020,Tier 3,66,Tier 3
457,27,Peanut,https://www.animalcrossingportal.com/images/villagers/icons/peanut.png,15/5/2020,Tier 3,67,Tier 3
458,28,Drago,https://www.animalcrossingportal.com/images/villagers/icons/drago.png,15/5/2020,Tier 3,68,Tier 3
459,29,Pashmina,https://www.animalcrossingportal.com/images/villagers/icons/pashmina.png,15/5/2020,Tier 3,69,Tier 3
460,30,Roscoe,https://www.animalcrossingportal.com/images/villagers/icons/roscoe.png,15/5/2020,Tier 3,70,Tier 3
461,1,Snake,https://www.animalcrossingportal.com/images/villagers/icons/snake.png,15/5/2020,Tier 4,71,Tier 4
462,2,Wade,https://www.animalcrossingportal.com/images/villagers/icons/wade.png,15/5/2020,Tier 4,72,Tier 4
463,3,Chief,https://www.animalcrossingportal.com/images/villagers/icons/chief.png,15/5/2020,Tier 4,73,Tier 4
464,4,Static,https://www.animalcrossingportal.com/images/villagers/icons/static.png,15/5/2020,Tier 4,74,Tier 4
465,5,Hazel,https://www.animalcrossingportal.com/images/villagers/icons/hazel.png,15/5/2020,Tier 4,75,Tier 4
466,6,Sprocket,https://www.animalcrossingportal.com/images/villagers/icons/sprocket.png,15/5/2020,Tier 4,76,Tier 4
467,7,Fuchsia,https://www.animalcrossingportal.com/images/villagers/icons/fuchsia.png,15/5/2020,Tier 4,77,Tier 4
468,8,Vesta,https://www.animalcrossingportal.com/images/villagers/icons/vesta.png,15/5/2020,Tier 4,78,Tier 4
469,9,Phoebe,https://www.animalcrossingportal.com/images/villagers/icons/phoebe.png,15/5/2020,Tier 4,79,Tier 4
470,10,Lobo,https://www.animalcrossingportal.com/images/villagers/icons/lobo.png,15/5/2020,Tier 4,80,Tier 4
471,11,Daisy,https://www.animalcrossingportal.com/images/villagers/icons/daisy.png,15/5/2020,Tier 4,81,Tier 4
472,12,Reneigh,https://www.animalcrossingportal.com/images/villagers/icons/reneigh.png,15/5/2020,Tier 4,82,Tier 4
473,13,Agnes,https://www.animalcrossingportal.com/images/villagers/icons/agnes.png,15/5/2020,Tier 4,83,Tier 4
474,14,Savannah,https://www.animalcrossingportal.com/images/villagers/icons/savannah.png,15/5/2020,Tier 4,84,Tier 4
475,15,Antonio,https://www.animalcrossingportal.com/images/villagers/icons/antonio.png,15/5/2020,Tier 4,85,Tier 4
476,16,Merry,https://www.animalcrossingportal.com/images/villagers/icons/merry.png,15/5/2020,Tier 4,86,Tier 4
477,17,Clay,https://www.animalcrossingportal.com/images/villagers/icons/clay.png,15/5/2020,Tier 4,87,Tier 4
478,17,Shari,https://www.animalcrossingportal.com/images/villagers/icons/shari.png,15/5/2020,Tier 4,88,Tier 4
479,18,Mira,https://www.animalcrossingportal.com/images/villagers/icons/mira.png,15/5/2020,Tier 4,89,Tier 4
480,19,Hamlet,https://www.animalcrossingportal.com/images/villagers/icons/hamlet.png,15/5/2020,Tier 4,90,Tier 4
481,20,Ellie,https://www.animalcrossingportal.com/images/villagers/icons/ellie.png,15/5/2020,Tier 4,91,Tier 4
482,21,Papi,https://www.animalcrossingportal.com/images/villagers/icons/papi.png,15/5/2020,Tier 4,92,Tier 4
483,22,Bones,https://www.animalcrossingportal.com/images/villagers/icons/bones.png,15/5/2020,Tier 4,93,Tier 4
484,23,Cube,https://www.animalcrossingportal.com/images/villagers/icons/cube.png,15/5/2020,Tier 4,94,Tier 4
485,24,Julia,https://www.animalcrossingportal.com/images/villagers/icons/julia.png,15/5/2020,Tier 4,95,Tier 4
486,25,Sterling,https://www.animalcrossingportal.com/images/villagers/icons/sterling.png,15/5/2020,Tier 4,96,Tier 4
487,26,Biff,https://www.animalcrossingportal.com/images/villagers/icons/biff.png,15/5/2020,Tier 4,97,Tier 4
488,27,Olivia,https://www.animalcrossingportal.com/images/villagers/icons/olivia.png,15/5/2020,Tier 4,98,Tier 4
489,28,Dobie,https://www.animalcrossingportal.com/images/villagers/icons/dobie.png,15/5/2020,Tier 4,99,Tier 4
490,29,Bianca,https://www.animalcrossingportal.com/images/villagers/icons/bianca.png,15/5/2020,Tier 4,100,Tier 4
491,30,Nan,https://www.animalcrossingportal.com/images/villagers/icons/nan.png,15/5/2020,Tier 4,101,Tier 4
492,31,Eugene,https://www.animalcrossingportal.com/images/villagers/icons/eugene.png,15/5/2020,Tier 4,102,Tier 4
493,32,Jeremiah,https://www.animalcrossingportal.com/images/villagers/icons/jeremiah.png,15/5/2020,Tier 4,103,Tier 4
494,33,Raddle,https://www.animalcrossingportal.com/images/villagers/icons/raddle.png,15/5/2020,Tier 4,104,Tier 4
495,34,Walker,https://www.animalcrossingportal.com/images/villagers/icons/walker.png,15/5/2020,Tier 4,105,Tier 4
496,35,Bruce,https://www.animalcrossingportal.com/images/villagers/icons/bruce.png,15/5/2020,Tier 4,106,Tier 4
497,36,Gayle,https://www.animalcrossingportal.com/images/villagers/icons/gayle.png,15/5/2020,Tier 4,107,Tier 4
498,37,Rolf,https://www.animalcrossingportal.com/images/villagers/icons/rolf.png,15/5/2020,Tier 4,108,Tier 4
499,38,Freya,https://www.animalcrossingportal.com/images/villagers/icons/freya.png,15/5/2020,Tier 4,109,Tier 4
500,39,Francine,https://www.animalcrossingportal.com/images/villagers/icons/francine.png,15/5/2020,Tier 4,110,Tier 4
501,40,Rudy,https://www.animalcrossingportal.com/images/villagers/icons/rudy.png,15/5/2020,Tier 4,111,Tier 4
502,1,Admiral,https://www.animalcrossingportal.com/images/villagers/icons/admiral.png,15/5/2020,Tier 5,112,Tier 5
503,2,Agent S,https://www.animalcrossingportal.com/images/villagers/icons/agent-s.png,15/5/2020,Tier 5,113,Tier 5
504,3,Al,https://www.animalcrossingportal.com/images/villagers/icons/al.png,15/5/2020,Tier 5,114,Tier 5
505,4,Alfonso,https://www.animalcrossingportal.com/images/villagers/icons/alfonso.png,15/5/2020,Tier 5,115,Tier 5
506,5,Anchovy,https://www.animalcrossingportal.com/images/villagers/icons/anchovy.png,15/5/2020,Tier 5,116,Tier 5
507,6,Astrid,https://www.animalcrossingportal.com/images/villagers/icons/astrid.png,15/5/2020,Tier 5,117,Tier 5
508,7,Ava,https://www.animalcrossingportal.com/images/villagers/icons/ava.png,15/5/2020,Tier 5,118,Tier 5
509,8,Alice,https://www.animalcrossingportal.com/images/villagers/icons/alice.png,15/5/2020,Tier 5,119,Tier 5
510,9,Amelia,https://www.animalcrossingportal.com/images/villagers/icons/amelia.png,15/5/2020,Tier 5,120,Tier 5
511,10,Annabelle,https://www.animalcrossingportal.com/images/villagers/icons/anabelle.png,15/5/2020,Tier 5,121,Tier 5
512,11,Angus,https://www.animalcrossingportal.com/images/villagers/icons/angus.png,15/5/2020,Tier 5,122,Tier 5
513,12,Annalisa,https://www.animalcrossingportal.com/images/villagers/icons/annalisa.png,15/5/2020,Tier 5,123,Tier 5
514,13,Annalise,https://www.animalcrossingportal.com/images/villagers/icons/annalise.png,15/5/2020,Tier 5,124,Tier 5
515,14,Avery,https://www.animalcrossingportal.com/images/villagers/icons/avery.png,15/5/2020,Tier 5,125,Tier 5
516,15,Axel,https://www.animalcrossingportal.com/images/villagers/icons/axel.png,15/5/2020,Tier 5,126,Tier 5
517,16,Baabara,https://www.animalcrossingportal.com/images/villagers/icons/baabara.png,15/5/2020,Tier 5,127,Tier 5
518,17,Bangle,https://www.animalcrossingportal.com/images/villagers/icons/bangle.png,15/5/2020,Tier 5,128,Tier 5
519,18,Barold,https://www.animalcrossingportal.com/images/villagers/icons/barold.png,15/5/2020,Tier 5,129,Tier 5
520,19,Bea,https://www.animalcrossingportal.com/images/villagers/icons/bea.png,15/5/2020,Tier 5,130,Tier 5
521,20,Beardo,https://www.animalcrossingportal.com/images/villagers/icons/beardo.png,15/5/2020,Tier 5,131,Tier 5
522,21,Bella,https://www.animalcrossingportal.com/images/villagers/icons/bella.png,15/5/2020,Tier 5,132,Tier 5
523,22,Benedict,https://www.animalcrossingportal.com/images/villagers/icons/benedict.png,15/5/2020,Tier 5,133,Tier 5
524,23,Benjamin,https://www.animalcrossingportal.com/images/villagers/icons/benjamin.png,15/5/2020,Tier 5,134,Tier 5
525,24,Bertha,https://www.animalcrossingportal.com/images/villagers/icons/bertha.png,15/5/2020,Tier 5,135,Tier 5
526,25,Billy,https://www.animalcrossingportal.com/images/villagers/icons/billy.png,15/5/2020,Tier 5,136,Tier 5
527,26,Biskit,https://www.animalcrossingportal.com/images/villagers/icons/biskit.png,15/5/2020,Tier 5,137,Tier 5
528,27,Blanche,https://www.animalcrossingportal.com/images/villagers/icons/blanche.png,15/5/2020,Tier 5,138,Tier 5
529,28,Blaire,https://www.animalcrossingportal.com/images/villagers/icons/blaire.png,15/5/2020,Tier 5,139,Tier 5
530,29,Bonbon,https://www.animalcrossingportal.com/images/villagers/icons/bonbon.png,15/5/2020,Tier 5,140,Tier 5
531,30,Boone,https://www.animalcrossingportal.com/images/villagers/icons/boone.png,15/5/2020,Tier 5,141,Tier 5
532,31,Boomer,https://www.animalcrossingportal.com/images/villagers/icons/boomer.png,15/5/2020,Tier 5,142,Tier 5
533,32,Boots,https://www.animalcrossingportal.com/images/villagers/icons/boots.png,15/5/2020,Tier 5,143,Tier 5
534,33,Bree,https://www.animalcrossingportal.com/images/villagers/icons/bree.png,15/5/2020,Tier 5,144,Tier 5
535,34,Broccolo,https://www.animalcrossingportal.com/images/villagers/icons/broccolo.png,15/5/2020,Tier 5,145,Tier 5
536,35,Bubbles,https://www.animalcrossingportal.com/images/villagers/icons/bubbles.png,15/5/2020,Tier 5,146,Tier 5
537,36,Buck,https://www.animalcrossingportal.com/images/villagers/icons/buck.png,15/5/2020,Tier 5,147,Tier 5
538,37,Bud,https://www.animalcrossingportal.com/images/villagers/icons/bud.png,15/5/2020,Tier 5,148,Tier 5
539,38,Butch,https://www.animalcrossingportal.com/images/villagers/icons/butch.png,15/5/2020,Tier 5,149,Tier 5
540,39,Buzz,https://www.animalcrossingportal.com/images/villagers/icons/buzz.png,15/5/2020,Tier 5,150,Tier 5
541,40,Cally,https://www.animalcrossingportal.com/images/villagers/icons/cally.png,15/5/2020,Tier 5,151,Tier 5
542,41,Camofrog,https://www.animalcrossingportal.com/images/villagers/icons/camofrog.png,15/5/2020,Tier 5,152,Tier 5
543,42,Canberra,https://www.animalcrossingportal.com/images/villagers/icons/canberra.png,15/5/2020,Tier 5,153,Tier 5
544,43,Candi,https://www.animalcrossingportal.com/images/villagers/icons/candi.png,15/5/2020,Tier 5,154,Tier 5
545,44,Caroline,https://www.animalcrossingportal.com/images/villagers/icons/caroline.png,15/5/2020,Tier 5,155,Tier 5
546,45,Charlise,https://www.animalcrossingportal.com/images/villagers/icons/charlise.png,15/5/2020,Tier 5,156,Tier 5
547,46,Carmen,https://www.animalcrossingportal.com/images/villagers/icons/carmen.png,15/5/2020,Tier 5,157,Tier 5
548,47,Celia,https://www.animalcrossingportal.com/images/villagers/icons/celia.png,15/5/2020,Tier 5,158,Tier 5
549,48,Chadder,https://www.animalcrossingportal.com/images/villagers/icons/chadder.png,15/5/2020,Tier 5,159,Tier 5
550,49,Cheri,https://www.animalcrossingportal.com/images/villagers/icons/cheri.png,15/5/2020,Tier 5,160,Tier 5
551,50,Chester,https://www.animalcrossingportal.com/images/villagers/icons/chester.png,15/5/2020,Tier 5,161,Tier 5
552,51,Chops,https://www.animalcrossingportal.com/images/villagers/icons/chops.png,15/5/2020,Tier 5,162,Tier 5
553,52,Chow,https://www.animalcrossingportal.com/images/villagers/icons/chow.png,15/5/2020,Tier 5,163,Tier 5
554,53,Chrissy,https://www.animalcrossingportal.com/images/villagers/icons/chrissy.png,15/5/2020,Tier 5,164,Tier 5
555,54,Claude,https://www.animalcrossingportal.com/images/villagers/icons/claude.png,15/5/2020,Tier 5,165,Tier 5
556,55,Clyde,https://www.animalcrossingportal.com/images/villagers/icons/clyde.png,15/5/2020,Tier 5,166,Tier 5
557,56,Coach,https://www.animalcrossingportal.com/images/villagers/icons/coach.png,15/5/2020,Tier 5,167,Tier 5
558,57,Cobb,https://www.animalcrossingportal.com/images/villagers/icons/cobb.png,15/5/2020,Tier 5,168,Tier 5
559,58,Cole,https://www.animalcrossingportal.com/images/villagers/icons/cole.png,15/5/2020,Tier 5,169,Tier 5
560,59,Colton,https://www.animalcrossingportal.com/images/villagers/icons/colton.png,15/5/2020,Tier 5,170,Tier 5
561,60,Cousteau,https://www.animalcrossingportal.com/images/villagers/icons/cousteau.png,15/5/2020,Tier 5,171,Tier 5
562,61,Crackle(Spork),https://www.animalcrossingportal.com/images/villagers/icons/crackle.png,15/5/2020,Tier 5,172,Tier 5
563,62,Cranston,https://www.animalcrossingportal.com/images/villagers/icons/cranston.png,15/5/2020,Tier 5,173,Tier 5
564,63,Curlos,https://www.animalcrossingportal.com/images/villagers/icons/curlos.png,15/5/2020,Tier 5,174,Tier 5
565,64,Curt,https://www.animalcrossingportal.com/images/villagers/icons/curt.png,15/5/2020,Tier 5,175,Tier 5
566,65,Cyd,https://www.animalcrossingportal.com/images/villagers/icons/cyd.png,15/5/2020,Tier 5,176,Tier 5
567,66,Deena,https://www.animalcrossingportal.com/images/villagers/icons/deena.png,15/5/2020,Tier 5,177,Tier 5
568,67,Deirdre,https://www.animalcrossingportal.com/images/villagers/icons/deirdre.png,15/5/2020,Tier 5,178,Tier 5
569,68,Del,https://www.animalcrossingportal.com/images/villagers/icons/del.png,15/5/2020,Tier 5,179,Tier 5
570,69,Deli,https://www.animalcrossingportal.com/images/villagers/icons/deli.png,15/5/2020,Tier 5,180,Tier 5
571,70,Derwin,https://www.animalcrossingportal.com/images/villagers/icons/derwin.png,15/5/2020,Tier 5,181,Tier 5
572,71,Diva,https://www.animalcrossingportal.com/images/villagers/icons/diva.png,15/5/2020,Tier 5,182,Tier 5
573,72,Dizzy,https://www.animalcrossingportal.com/images/villagers/icons/dizzy.png,15/5/2020,Tier 5,183,Tier 5
574,73,Doc,https://www.animalcrossingportal.com/images/villagers/icons/doc.png,15/5/2020,Tier 5,184,Tier 5
575,74,Dora,https://www.animalcrossingportal.com/images/villagers/icons/dora.png,15/5/2020,Tier 5,185,Tier 5
576,75,Dotty,https://www.animalcrossingportal.com/images/villagers/icons/dotty.png,15/5/2020,Tier 5,186,Tier 5
577,76,Drake,https://www.animalcrossingportal.com/images/villagers/icons/drake.png,15/5/2020,Tier 5,187,Tier 5
578,77,Drift,https://www.animalcrossingportal.com/images/villagers/icons/drift.png,15/5/2020,Tier 5,188,Tier 5
579,78,Ed,https://www.animalcrossingportal.com/images/villagers/icons/ed.png,15/5/2020,Tier 5,189,Tier 5
580,79,Egbert,https://www.animalcrossingportal.com/images/villagers/icons/egbert.png,15/5/2020,Tier 5,190,Tier 5
581,80,Elmer,https://www.animalcrossingportal.com/images/villagers/icons/elmer.png,15/5/2020,Tier 5,191,Tier 5
582,81,Eloise,https://www.animalcrossingportal.com/images/villagers/icons/eloise.png,15/5/2020,Tier 5,192,Tier 5
583,82,Elvis,https://www.animalcrossingportal.com/images/villagers/icons/elvis.png,15/5/2020,Tier 5,193,Tier 5
584,83,Eunice,https://www.animalcrossingportal.com/images/villagers/icons/eunice.png,15/5/2020,Tier 5,194,Tier 5
585,84,Felicity,https://www.animalcrossingportal.com/images/villagers/icons/felicity.png,15/5/2020,Tier 5,195,Tier 5
586,85,Flip,https://www.animalcrossingportal.com/images/villagers/icons/flip.png,15/5/2020,Tier 5,196,Tier 5
587,86,Flo,https://www.animalcrossingportal.com/images/villagers/icons/flo.png,15/5/2020,Tier 5,197,Tier 5
588,87,Frita,https://www.animalcrossingportal.com/images/villagers/icons/frita.png,15/5/2020,Tier 5,198,Tier 5
589,88,Frank,https://www.animalcrossingportal.com/images/villagers/icons/frank.png,15/5/2020,Tier 5,199,Tier 5
590,89,Friga,https://www.animalcrossingportal.com/images/villagers/icons/friga.png,15/5/2020,Tier 5,200,Tier 5
591,90,Gabi,https://www.animalcrossingportal.com/images/villagers/icons/gabi.png,15/5/2020,Tier 5,201,Tier 5
592,91,Gala,https://www.animalcrossingportal.com/images/villagers/icons/gala.png,15/5/2020,Tier 5,202,Tier 5
593,92,Gaston,https://www.animalcrossingportal.com/images/villagers/icons/gaston.png,15/5/2020,Tier 5,203,Tier 5
594,93,Gladys,https://www.animalcrossingportal.com/images/villagers/icons/gladys.png,15/5/2020,Tier 5,204,Tier 5
595,94,Gloria,https://www.animalcrossingportal.com/images/villagers/icons/gloria.png,15/5/2020,Tier 5,205,Tier 5
596,95,Gonzo,https://www.animalcrossingportal.com/images/villagers/icons/gonzo.png,15/5/2020,Tier 5,206,Tier 5
597,96,Goose,https://www.animalcrossingportal.com/images/villagers/icons/goose.png,15/5/2020,Tier 5,207,Tier 5
598,97,Graham,https://www.animalcrossingportal.com/images/villagers/icons/graham.png,15/5/2020,Tier 5,208,Tier 5
599,98,Grizzly,https://www.animalcrossingportal.com/images/villagers/icons/grizzly.png,15/5/2020,Tier 5,209,Tier 5
600,99,Groucho,https://www.animalcrossingportal.com/images/villagers/icons/groucho.png,15/5/2020,Tier 5,210,Tier 5
601,100,Gwen,https://www.animalcrossingportal.com/images/villagers/icons/gwen.png,15/5/2020,Tier 5,211,Tier 5
602,101,Hamphrey,https://www.animalcrossingportal.com/images/villagers/icons/hamphrey.png,15/5/2020,Tier 5,212,Tier 5
603,102,Hans,https://www.animalcrossingportal.com/images/villagers/icons/hans.png,15/5/2020,Tier 5,213,Tier 5
604,103,Henry,https://www.animalcrossingportal.com/images/villagers/icons/henry.png,15/5/2020,Tier 5,214,Tier 5
605,104,Hippeux,https://www.animalcrossingportal.com/images/villagers/icons/hippeux.png,15/5/2020,Tier 5,215,Tier 5
606,105,Hopkins,https://www.animalcrossingportal.com/images/villagers/icons/hopkins.png,15/5/2020,Tier 5,216,Tier 5
607,106,Hopper,https://www.animalcrossingportal.com/images/villagers/icons/hopper.png,15/5/2020,Tier 5,217,Tier 5
608,107,Hugh,https://www.animalcrossingportal.com/images/villagers/icons/hugh.png,15/5/2020,Tier 5,218,Tier 5
609,108,Iggly,https://www.animalcrossingportal.com/images/villagers/icons/iggly.png,15/5/2020,Tier 5,219,Tier 5
610,109,Jacob,https://www.animalcrossingportal.com/images/villagers/icons/jacob.png,15/5/2020,Tier 5,220,Tier 5
611,110,Jacques,https://www.animalcrossingportal.com/images/villagers/icons/jacques.png,15/5/2020,Tier 5,221,Tier 5
612,111,Jay,https://www.animalcrossingportal.com/images/villagers/icons/jay.png,15/5/2020,Tier 5,222,Tier 5
613,112,Jitters,https://www.animalcrossingportal.com/images/villagers/icons/jitters.png,15/5/2020,Tier 5,223,Tier 5
614,113,Joey,https://www.animalcrossingportal.com/images/villagers/icons/joey.png,15/5/2020,Tier 5,224,Tier 5
615,114,June,https://www.animalcrossingportal.com/images/villagers/icons/june.png,15/5/2020,Tier 5,225,Tier 5
616,115,Kitty,https://www.animalcrossingportal.com/images/villagers/icons/kitty.png,15/5/2020,Tier 5,226,Tier 5
617,116,Keaton,https://www.animalcrossingportal.com/images/villagers/icons/keaton.png,15/5/2020,Tier 5,227,Tier 5
618,117,Ken,https://www.animalcrossingportal.com/images/villagers/icons/ken.png,15/5/2020,Tier 5,228,Tier 5
619,118,Kevin,https://www.animalcrossingportal.com/images/villagers/icons/kevin.png,15/5/2020,Tier 5,229,Tier 5
620,119,Kidd,https://www.animalcrossingportal.com/images/villagers/icons/kidd.png,15/5/2020,Tier 5,230,Tier 5
621,120,Kitt,https://www.animalcrossingportal.com/images/villagers/icons/kitt.png,15/5/2020,Tier 5,231,Tier 5
622,121,Klaus,https://www.animalcrossingportal.com/images/villagers/icons/klaus.png,15/5/2020,Tier 5,232,Tier 5
623,122,Knox,https://www.animalcrossingportal.com/images/villagers/icons/knox.png,15/5/2020,Tier 5,233,Tier 5
624,123,Kody,https://www.animalcrossingportal.com/images/villagers/icons/kody.png,15/5/2020,Tier 5,234,Tier 5
625,124,Leopold,https://www.animalcrossingportal.com/images/villagers/icons/leopold.png,15/5/2020,Tier 5,235,Tier 5
626,125,Lionel,https://www.animalcrossingportal.com/images/villagers/icons/lionel.png,15/5/2020,Tier 5,236,Tier 5
627,126,Lopez,https://www.animalcrossingportal.com/images/villagers/icons/lopez.png,15/5/2020,Tier 5,237,Tier 5
628,127,Lucha,https://www.animalcrossingportal.com/images/villagers/icons/lucha.png,15/5/2020,Tier 5,238,Tier 5
629,128,Lucy,https://www.animalcrossingportal.com/images/villagers/icons/lucy.png,15/5/2020,Tier 5,239,Tier 5
630,129,Lyman,https://www.animalcrossingportal.com/images/villagers/icons/lyman.png,15/5/2020,Tier 5,240,Tier 5
631,130,Mac,https://www.animalcrossingportal.com/images/villagers/icons/mac.png,15/5/2020,Tier 5,241,Tier 5
632,131,Maddie,https://www.animalcrossingportal.com/images/villagers/icons/maddie.png,15/5/2020,Tier 5,242,Tier 5
633,132,Marcel,https://www.animalcrossingportal.com/images/villagers/icons/marcel.png,15/5/2020,Tier 5,243,Tier 5
634,133,OHare,https://www.animalcrossingportal.com/images/villagers/icons/ohare.png,15/5/2020,Tier 5,244,Tier 5
635,134,Olaf,https://www.animalcrossingportal.com/images/villagers/icons/olaf.png,15/5/2020,Tier 5,245,Tier 5
636,135,Sheldon,https://www.animalcrossingportal.com/images/villagers/icons/sheldon.png,15/5/2020,Tier 5,246,Tier 5
637,136,Shep,https://www.animalcrossingportal.com/images/villagers/icons/shep.png,15/5/2020,Tier 5,247,Tier 5
638,137,Tybalt,https://www.animalcrossingportal.com/images/villagers/icons/tybalt.png,15/5/2020,Tier 5,248,Tier 5
639,138,Victoria,https://www.animalcrossingportal.com/images/villagers/icons/victoria.png,15/5/2020,Tier 5,249,Tier 5
640,139,Vivian,https://www.animalcrossingportal.com/images/villagers/icons/vivian.png,15/5/2020,Tier 5,250,Tier 5
641,140,Velma,https://www.animalcrossingportal.com/images/villagers/icons/velma.png,15/5/2020,Tier 5,251,Tier 5
642,1,Alli,https://www.animalcrossingportal.com/images/villagers/icons/alli.png,15/5/2020,Tier 6,252,Tier 6
643,2,Anicotti,https://www.animalcrossingportal.com/images/villagers/icons/anicotti.png,15/5/2020,Tier 6,253,Tier 6
644,3,Becky,https://www.animalcrossingportal.com/images/villagers/icons/becky.png,15/5/2020,Tier 6,254,Tier 6
645,4,Bettina,https://www.animalcrossingportal.com/images/villagers/icons/bettina.png,15/5/2020,Tier 6,255,Tier 6
646,5,Big Top,https://www.animalcrossingportal.com/images/villagers/icons/big-top.png,15/5/2020,Tier 6,256,Tier 6
647,6,Bitty,https://www.animalcrossingportal.com/images/villagers/icons/bitty.png,15/5/2020,Tier 6,257,Tier 6
648,7,Boris,https://www.animalcrossingportal.com/images/villagers/icons/boris.png,15/5/2020,Tier 6,258,Tier 6
649,8,Boyd,https://www.animalcrossingportal.com/images/villagers/icons/boyd.png,15/5/2020,Tier 6,259,Tier 6
650,9,Broffina,https://www.animalcrossingportal.com/images/villagers/icons/broffina.png,15/5/2020,Tier 6,260,Tier 6
651,10,Carrie,https://www.animalcrossingportal.com/images/villagers/icons/carrie.png,15/5/2020,Tier 6,261,Tier 6
652,11,Cashmere,https://www.animalcrossingportal.com/images/villagers/icons/cashmere.png,15/5/2020,Tier 6,262,Tier 6
653,12,Cesar,https://www.animalcrossingportal.com/images/villagers/icons/cesar.png,15/5/2020,Tier 6,263,Tier 6
654,13,Claudia,https://www.animalcrossingportal.com/images/villagers/icons/claudia.png,15/5/2020,Tier 6,264,Tier 6
655,14,Cleo,https://www.animalcrossingportal.com/images/villagers/icons/cleo.png,15/5/2020,Tier 6,265,Tier 6
656,15,Croque,https://www.animalcrossingportal.com/images/villagers/icons/croque.png,15/5/2020,Tier 6,266,Tier 6
657,16,Curly,https://www.animalcrossingportal.com/images/villagers/icons/curly.png,15/5/2020,Tier 6,267,Tier 6
658,17,Cyrano,https://www.animalcrossingportal.com/images/villagers/icons/cyrano.png,15/5/2020,Tier 6,268,Tier 6
659,18,Elise,https://www.animalcrossingportal.com/images/villagers/icons/elise.png,15/5/2020,Tier 6,269,Tier 6
660,19,Frobert,https://www.animalcrossingportal.com/images/villagers/icons/frobert.png,15/5/2020,Tier 6,270,Tier 6
661,20,Gigi,https://www.animalcrossingportal.com/images/villagers/icons/gigi.png,15/5/2020,Tier 6,271,Tier 6
662,21,Greta,https://www.animalcrossingportal.com/images/villagers/icons/greta.png,15/5/2020,Tier 6,272,Tier 6
663,22,Gruff,https://www.animalcrossingportal.com/images/villagers/icons/gruff.png,15/5/2020,Tier 6,273,Tier 6
664,23,Harry,https://www.animalcrossingportal.com/images/villagers/icons/harry.png,15/5/2020,Tier 6,274,Tier 6
665,24,Huck,https://www.animalcrossingportal.com/images/villagers/icons/huck.png,15/5/2020,Tier 6,275,Tier 6
666,25,Ike,https://www.animalcrossingportal.com/images/villagers/icons/ike.png,15/5/2020,Tier 6,276,Tier 6
667,26,Jambette,https://www.animalcrossingportal.com/images/villagers/icons/jambette.png,15/5/2020,Tier 6,277,Tier 6
668,27,Leonardo,https://www.animalcrossingportal.com/images/villagers/icons/leonardo.png,15/5/2020,Tier 6,278,Tier 6
669,28,Limberg,https://www.animalcrossingportal.com/images/villagers/icons/limberg.png,15/5/2020,Tier 6,279,Tier 6
670,29,Louie,https://www.animalcrossingportal.com/images/villagers/icons/louie.png,15/5/2020,Tier 6,280,Tier 6
671,30,Maelle,https://www.animalcrossingportal.com/images/villagers/icons/maelle.png,15/5/2020,Tier 6,281,Tier 6
672,31,Maggie,https://www.animalcrossingportal.com/images/villagers/icons/maggie.png,15/5/2020,Tier 6,282,Tier 6
673,32,Marcie,https://www.animalcrossingportal.com/images/villagers/icons/marcie.png,15/5/2020,Tier 6,283,Tier 6
674,33,Margie,https://www.animalcrossingportal.com/images/villagers/icons/margie.png,15/5/2020,Tier 6,284,Tier 6
675,34,Mallary,https://www.animalcrossingportal.com/images/villagers/icons/mallary.png,15/5/2020,Tier 6,285,Tier 6
676,35,Mathilda,https://www.animalcrossingportal.com/images/villagers/icons/mathilda.png,15/5/2020,Tier 6,286,Tier 6
677,36,Megan,https://www.animalcrossingportal.com/images/villagers/icons/megan.png,15/5/2020,Tier 6,287,Tier 6
678,37,Mint,https://www.animalcrossingportal.com/images/villagers/icons/mint.png,15/5/2020,Tier 6,288,Tier 6
679,37,Midge,https://www.animalcrossingportal.com/images/villagers/icons/midge.png,15/5/2020,Tier 6,289,Tier 6
680,38,Miranda,https://www.animalcrossingportal.com/images/villagers/icons/miranda.png,15/5/2020,Tier 6,290,Tier 6
681,39,Moe,https://www.animalcrossingportal.com/images/villagers/icons/moe.png,15/5/2020,Tier 6,291,Tier 6
682,40,Monty,https://www.animalcrossingportal.com/images/villagers/icons/monty.png,15/5/2020,Tier 6,292,Tier 6
683,41,Moose,https://www.animalcrossingportal.com/images/villagers/icons/moose.png,15/5/2020,Tier 6,293,Tier 6
684,42,Monique,https://www.animalcrossingportal.com/images/villagers/icons/monique.png,15/5/2020,Tier 6,294,Tier 6
685,43,Mott,https://www.animalcrossingportal.com/images/villagers/icons/mott.png,15/5/2020,Tier 6,295,Tier 6
686,44,Murphy,https://www.animalcrossingportal.com/images/villagers/icons/murphy.png,15/5/2020,Tier 6,296,Tier 6
687,45,Nana,https://www.animalcrossingportal.com/images/villagers/icons/nana.png,15/5/2020,Tier 6,297,Tier 6
688,46,Naomi,https://www.animalcrossingportal.com/images/villagers/icons/naomi.png,15/5/2020,Tier 6,298,Tier 6
689,47,Nate,https://www.animalcrossingportal.com/images/villagers/icons/nate.png,15/5/2020,Tier 6,299,Tier 6
690,48,Nibbles,https://www.animalcrossingportal.com/images/villagers/icons/nibbles.png,15/5/2020,Tier 6,300,Tier 6
691,49,Norma,https://www.animalcrossingportal.com/images/villagers/icons/norma.png,15/5/2020,Tier 6,301,Tier 6
692,50,Olive,https://www.animalcrossingportal.com/images/villagers/icons/olive.png,15/5/2020,Tier 6,302,Tier 6
693,50,Freckles,https://www.animalcrossingportal.com/images/villagers/icons/freckles.png,15/5/2020,Tier 6,303,Tier 6
694,51,Opal,https://www.animalcrossingportal.com/images/villagers/icons/opal.png,15/5/2020,Tier 6,304,Tier 6
695,52,Pancetti,https://www.animalcrossingportal.com/images/villagers/icons/pancetti.png,15/5/2020,Tier 6,305,Tier 6
696,53,Pango,https://www.animalcrossingportal.com/images/villagers/icons/pango.png,15/5/2020,Tier 6,306,Tier 6
697,54,Paolo,https://www.animalcrossingportal.com/images/villagers/icons/paolo.png,15/5/2020,Tier 6,307,Tier 6
698,55,Pate,https://www.animalcrossingportal.com/images/villagers/icons/pate.png,15/5/2020,Tier 6,308,Tier 6
699,56,Patty,https://www.animalcrossingportal.com/images/villagers/icons/patty.png,15/5/2020,Tier 6,309,Tier 6
700,57,Paula,https://www.animalcrossingportal.com/images/villagers/icons/paula.png,15/5/2020,Tier 6,310,Tier 6
701,58,Peaches,https://www.animalcrossingportal.com/images/villagers/icons/peaches.png,15/5/2020,Tier 6,311,Tier 6
702,59,Pecan,https://www.animalcrossingportal.com/images/villagers/icons/pecan.png,15/5/2020,Tier 6,312,Tier 6
703,60,Peck,https://www.animalcrossingportal.com/images/villagers/icons/peck.png,15/5/2020,Tier 6,313,Tier 6
704,61,Peewee,https://www.animalcrossingportal.com/images/villagers/icons/peewee.png,15/5/2020,Tier 6,314,Tier 6
705,62,Peggy,https://www.animalcrossingportal.com/images/villagers/icons/peggy.png,15/5/2020,Tier 6,315,Tier 6
706,63,Penelope,https://www.animalcrossingportal.com/images/villagers/icons/penelope.png,15/5/2020,Tier 6,316,Tier 6
707,64,Phil,https://www.animalcrossingportal.com/images/villagers/icons/phil.png,15/5/2020,Tier 6,317,Tier 6
708,65,Pierce,https://www.animalcrossingportal.com/images/villagers/icons/pierce.png,15/5/2020,Tier 6,318,Tier 6
709,66,Piper,https://www.animalcrossingportal.com/images/villagers/icons/piper.png,15/5/2020,Tier 6,319,Tier 6
710,67,Pippy,https://www.animalcrossingportal.com/images/villagers/icons/pippy.png,15/5/2020,Tier 6,320,Tier 6
711,68,Pinky,https://www.animalcrossingportal.com/images/villagers/icons/pinky.png,15/5/2020,Tier 6,321,Tier 6
712,69,Plucky,https://www.animalcrossingportal.com/images/villagers/icons/plucky.png,15/5/2020,Tier 6,322,Tier 6
713,70,Pompom,https://www.animalcrossingportal.com/images/villagers/icons/pompom.png,15/5/2020,Tier 6,323,Tier 6
714,71,Poncho,https://www.animalcrossingportal.com/images/villagers/icons/poncho.png,15/5/2020,Tier 6,324,Tier 6
715,72,Portia,https://www.animalcrossingportal.com/images/villagers/icons/portia.png,15/5/2020,Tier 6,325,Tier 6
716,73,Prince,https://www.animalcrossingportal.com/images/villagers/icons/prince.png,15/5/2020,Tier 6,326,Tier 6
717,74,Puck,https://www.animalcrossingportal.com/images/villagers/icons/puck.png,15/5/2020,Tier 6,327,Tier 6
718,75,Puddles,https://www.animalcrossingportal.com/images/villagers/icons/puddles.png,15/5/2020,Tier 6,328,Tier 6
719,76,Pudge,https://www.animalcrossingportal.com/images/villagers/icons/pudge.png,15/5/2020,Tier 6,329,Tier 6
720,77,Purrl,https://www.animalcrossingportal.com/images/villagers/icons/purrl.png,15/5/2020,Tier 6,330,Tier 6
721,78,Queenie,https://www.animalcrossingportal.com/images/villagers/icons/queenie.png,15/5/2020,Tier 6,331,Tier 6
722,79,Quillson,https://www.animalcrossingportal.com/images/villagers/icons/quillson.png,15/5/2020,Tier 6,332,Tier 6
723,80,Rasher,https://www.animalcrossingportal.com/images/villagers/icons/rasher.png,15/5/2020,Tier 6,333,Tier 6
724,81,Renee,https://www.animalcrossingportal.com/images/villagers/icons/renee.png,15/5/2020,Tier 6,334,Tier 6
725,82,Rex,https://www.animalcrossingportal.com/images/villagers/icons/rex.png,15/5/2020,Tier 6,335,Tier 6
726,83,Ribbot,https://www.animalcrossingportal.com/images/villagers/icons/ribbot.png,15/5/2020,Tier 6,336,Tier 6
727,84,Rhonda,https://www.animalcrossingportal.com/images/villagers/icons/rhonda.png,15/5/2020,Tier 6,337,Tier 6
728,85,Ricky,https://www.animalcrossingportal.com/images/villagers/icons/ricky.png,15/5/2020,Tier 6,338,Tier 6
729,86,Rizzo,https://www.animalcrossingportal.com/images/villagers/icons/rizzo.png,15/5/2020,Tier 6,339,Tier 6
730,87,Robin,https://www.animalcrossingportal.com/images/villagers/icons/robin.png,15/5/2020,Tier 6,340,Tier 6
731,88,Rocket,https://www.animalcrossingportal.com/images/villagers/icons/rocket.png,15/5/2020,Tier 6,341,Tier 6
732,89,Rocco,https://www.animalcrossingportal.com/images/villagers/icons/rocco.png,15/5/2020,Tier 6,342,Tier 6
733,90,Rod,https://www.animalcrossingportal.com/images/villagers/icons/rod.png,15/5/2020,Tier 6,343,Tier 6
734,91,Rodeo,https://www.animalcrossingportal.com/images/villagers/icons/rodeo.png,15/5/2020,Tier 6,344,Tier 6
735,92,Rodney,https://www.animalcrossingportal.com/images/villagers/icons/rodney.png,15/5/2020,Tier 6,345,Tier 6
736,93,Rooney,https://www.animalcrossingportal.com/images/villagers/icons/rooney.png,15/5/2020,Tier 6,346,Tier 6
737,94,Rory,https://www.animalcrossingportal.com/images/villagers/icons/rory.png,15/5/2020,Tier 6,347,Tier 6
738,95,Rowan,https://www.animalcrossingportal.com/images/villagers/icons/rowan.png,15/5/2020,Tier 6,348,Tier 6
739,96,Sally,https://www.animalcrossingportal.com/images/villagers/icons/sally.png,15/5/2020,Tier 6,349,Tier 6
740,97,Samson,https://www.animalcrossingportal.com/images/villagers/icons/samson.png,15/5/2020,Tier 6,350,Tier 6
741,98,Sandy,https://www.animalcrossingportal.com/images/villagers/icons/sandy.png,15/5/2020,Tier 6,351,Tier 6
742,99,Simon,https://www.animalcrossingportal.com/images/villagers/icons/simon.png,15/5/2020,Tier 6,352,Tier 6
743,100,Sly,https://www.animalcrossingportal.com/images/villagers/icons/sly.png,15/5/2020,Tier 6,353,Tier 6
744,101,Snooty,https://www.animalcrossingportal.com/images/villagers/icons/snooty.png,15/5/2020,Tier 6,354,Tier 6
745,102,Spike,https://www.animalcrossingportal.com/images/villagers/icons/spike.png,15/5/2020,Tier 6,355,Tier 6
746,103,Soleil,https://www.animalcrossingportal.com/images/villagers/icons/soleil.png,15/5/2020,Tier 6,356,Tier 6
747,104,Sparro,https://www.animalcrossingportal.com/images/villagers/icons/sparro.png,15/5/2020,Tier 6,357,Tier 6
748,105,Stella,https://www.animalcrossingportal.com/images/villagers/icons/stella.png,15/5/2020,Tier 6,358,Tier 6
749,106,Stinky,https://www.animalcrossingportal.com/images/villagers/icons/stinky.png,15/5/2020,Tier 6,359,Tier 6
750,107,Stu,https://www.animalcrossingportal.com/images/villagers/icons/stu.png,15/5/2020,Tier 6,360,Tier 6
751,108,Sylvana,https://www.animalcrossingportal.com/images/villagers/icons/sylvana.png,15/5/2020,Tier 6,361,Tier 6
752,108,Sydney,https://www.animalcrossingportal.com/images/villagers/icons/sydney.png,15/5/2020,Tier 6,362,Tier 6
753,109,Sylvia,https://www.animalcrossingportal.com/images/villagers/icons/sylvia.png,15/5/2020,Tier 6,363,Tier 6
754,110,Tabby,https://www.animalcrossingportal.com/images/villagers/icons/tabby.png,15/5/2020,Tier 6,364,Tier 6
755,111,Tad,https://www.animalcrossingportal.com/images/villagers/icons/tad.png,15/5/2020,Tier 6,365,Tier 6
756,112,Tammi,https://www.animalcrossingportal.com/images/villagers/icons/tammi.png,15/5/2020,Tier 6,366,Tier 6
757,113,Tammy,https://www.animalcrossingportal.com/images/villagers/icons/tammy.png,15/5/2020,Tier 6,367,Tier 6
758,114,Tank,https://www.animalcrossingportal.com/images/villagers/icons/tank.png,15/5/2020,Tier 6,368,Tier 6
759,115,Tasha,https://www.animalcrossingportal.com/images/villagers/icons/tasha.png,15/5/2020,Tier 6,369,Tier 6
760,116,T-Bone,https://www.animalcrossingportal.com/images/villagers/icons/t-bone.png,15/5/2020,Tier 6,370,Tier 6
761,117,Teddy,https://www.animalcrossingportal.com/images/villagers/icons/teddy.png,15/5/2020,Tier 6,371,Tier 6
762,118,Tex,https://www.animalcrossingportal.com/images/villagers/icons/tex.png,15/5/2020,Tier 6,372,Tier 6
763,119,Tiffany,https://www.animalcrossingportal.com/images/villagers/icons/tiffany.png,15/5/2020,Tier 6,373,Tier 6
764,120,Timbra,https://www.animalcrossingportal.com/images/villagers/icons/timbra.png,15/5/2020,Tier 6,374,Tier 6
765,121,Tipper,https://www.animalcrossingportal.com/images/villagers/icons/tipper.png,15/5/2020,Tier 6,375,Tier 6
766,122,Tom,https://www.animalcrossingportal.com/images/villagers/icons/tom.png,15/5/2020,Tier 6,376,Tier 6
767,123,Truffles,https://www.animalcrossingportal.com/images/villagers/icons/truffles.png,15/5/2020,Tier 6,377,Tier 6
768,124,Tucker,https://www.animalcrossingportal.com/images/villagers/icons/tucker.png,15/5/2020,Tier 6,378,Tier 6
769,125,Tutu,https://www.animalcrossingportal.com/images/villagers/icons/tutu.png,15/5/2020,Tier 6,379,Tier 6
770,126,Twiggy,https://www.animalcrossingportal.com/images/villagers/icons/twiggy.png,15/5/2020,Tier 6,380,Tier 6
771,127,Ursula,https://www.animalcrossingportal.com/images/villagers/icons/ursula.png,15/5/2020,Tier 6,381,Tier 6
772,128,Vic,https://www.animalcrossingportal.com/images/villagers/icons/vic.png,15/5/2020,Tier 6,382,Tier 6
773,129,Violet,https://www.animalcrossingportal.com/images/villagers/icons/violet.png,15/5/2020,Tier 6,383,Tier 6
774,130,Vladimir,https://www.animalcrossingportal.com/images/villagers/icons/vladimir.png,15/5/2020,Tier 6,384,Tier 6
775,131,Walt,https://www.animalcrossingportal.com/images/villagers/icons/walt.png,15/5/2020,Tier 6,385,Tier 6
776,132,WartJr,https://www.animalcrossingportal.com/images/villagers/icons/wartjr.png,15/5/2020,Tier 6,386,Tier 6
777,133,Weber,https://www.animalcrossingportal.com/images/villagers/icons/weber.png,15/5/2020,Tier 6,387,Tier 6
778,134,Willow,https://www.animalcrossingportal.com/images/villagers/icons/willow.png,15/5/2020,Tier 6,388,Tier 6
779,135,Wendy,https://www.animalcrossingportal.com/images/villagers/icons/wendy.png,15/5/2020,Tier 6,389,Tier 6
780,136,Winnie,https://www.animalcrossingportal.com/images/villagers/icons/winnie.png,15/5/2020,Tier 6,390,Tier 6
781,137,Yuka,https://www.animalcrossingportal.com/images/villagers/icons/yuka.png,15/5/2020,Tier 6,391,Tier 6
